file,time,weather,smoke,pelicans,pods,npods,disturbance,pretty,date
20170309002000.jpg,day,sun,FALSE,FALSE,FALSE,NA,TRUE,NA,2017-03-09T00:20:00Z
20170309014000.jpg,day,NA,NA,NA,NA,NA,NA,NA,2017-03-09T01:40:00Z
20170309091500.jpg,night,NA,NA,NA,NA,NA,NA,NA,2017-03-09T09:15:00Z
20170309162000.jpg,day,sun,FALSE,FALSE,FALSE,NA,FALSE,FALSE,2017-03-09T16:20:00Z
20170309184500.jpg,day,sun,FALSE,FALSE,FALSE,NA,FALSE,FALSE,2017-03-09T18:45:00Z
20170310041500.jpg,night,NA,NA,NA,NA,NA,NA,NA,2017-03-10T04:15:00Z
20170310153000.jpg,day,cloud,FALSE,FALSE,FALSE,NA,FALSE,FALSE,2017-03-10T15:30:00Z
20170311092000.jpg,night,NA,NA,NA,NA,NA,NA,NA,2017-03-11T09:20:00Z
20170311145000.jpg,day,sun,FALSE,TRUE,TRUE,1,FALSE,FALSE,2017-03-11T14:50:00Z
20170311235500.jpg,day,cloud,FALSE,TRUE,TRUE,1,FALSE,FALSE,2017-03-11T23:55:00Z
20170312024500.jpg,night,NA,NA,NA,NA,NA,NA,NA,2017-03-12T02:45:00Z
20170312065500.jpg,night,NA,NA,NA,NA,NA,NA,NA,2017-03-12T06:55:00Z
20170312140000.jpg,day,sun,FALSE,TRUE,TRUE,1,FALSE,FALSE,2017-03-12T14:00:00Z
20170312164000.jpg,day,sun,FALSE,TRUE,TRUE,1,FALSE,FALSE,2017-03-12T16:40:00Z
20170313014500.jpg,day,sun,FALSE,FALSE,FALSE,NA,FALSE,FALSE,2017-03-13T01:45:00Z
20170313093500.jpg,night,NA,NA,NA,NA,NA,NA,NA,2017-03-13T09:35:00Z
20170314023500.jpg,night,NA,NA,NA,NA,NA,NA,NA,2017-03-14T02:35:00Z
20170314064500.jpg,night,NA,NA,NA,NA,NA,NA,NA,2017-03-14T06:45:00Z
20170314210000.jpg,day,sun,FALSE,FALSE,FALSE,NA,FALSE,FALSE,2017-03-14T21:00:00Z
20170315001000.jpg,day,cloud,FALSE,FALSE,FALSE,NA,FALSE,FALSE,2017-03-15T00:10:00Z
20170315155000.jpg,day,cloud,FALSE,FALSE,FALSE,NA,FALSE,FALSE,2017-03-15T15:50:00Z
20170315202000.jpg,day,sun,FALSE,FALSE,FALSE,NA,FALSE,FALSE,2017-03-15T20:20:00Z
20170315222000.jpg,day,sun,FALSE,FALSE,FALSE,NA,FALSE,FALSE,2017-03-15T22:20:00Z
20170315232500.jpg,day,cloud,FALSE,FALSE,FALSE,NA,FALSE,FALSE,2017-03-15T23:25:00Z
20170316064500.jpg,night,NA,NA,NA,NA,NA,NA,NA,2017-03-16T06:45:00Z
20170316102500.jpg,night,NA,NA,NA,NA,NA,NA,NA,2017-03-16T10:25:00Z
20170316125500.jpg,night,NA,NA,NA,NA,NA,NA,NA,2017-03-16T12:55:00Z
20170316160000.jpg,day,cloud,FALSE,FALSE,FALSE,NA,FALSE,FALSE,2017-03-16T16:00:00Z
20170316170500.jpg,day,cloud,FALSE,FALSE,FALSE,NA,FALSE,FALSE,2017-03-16T17:05:00Z
20170317032000.jpg,night,NA,NA,NA,NA,NA,NA,NA,2017-03-17T03:20:00Z
20170317033500.jpg,night,NA,NA,NA,NA,NA,NA,NA,2017-03-17T03:35:00Z
20170317034500.jpg,night,NA,NA,NA,NA,NA,NA,NA,2017-03-17T03:45:00Z
20170317063000.jpg,night,NA,NA,NA,NA,NA,NA,NA,2017-03-17T06:30:00Z
20170317075000.jpg,night,NA,NA,NA,NA,NA,NA,NA,2017-03-17T07:50:00Z
20170318041000.jpg,night,NA,NA,NA,NA,NA,NA,NA,2017-03-18T04:10:00Z
20170318063500.jpg,night,NA,NA,NA,NA,NA,NA,NA,2017-03-18T06:35:00Z
20170318121000.jpg,night,NA,NA,NA,NA,NA,NA,NA,2017-03-18T12:10:00Z
20170318133500.jpg,day,sun,FALSE,FALSE,FALSE,NA,FALSE,TRUE,2017-03-18T13:35:00Z
20170318140500.jpg,day,cloud,FALSE,FALSE,FALSE,NA,FALSE,FALSE,2017-03-18T14:05:00Z
20170318150500.jpg,day,cloud,FALSE,FALSE,FALSE,NA,FALSE,FALSE,2017-03-18T15:05:00Z
20170318173500.jpg,day,cloud,FALSE,FALSE,FALSE,NA,FALSE,FALSE,2017-03-18T17:35:00Z
20170318203000.jpg,day,cloud,FALSE,FALSE,FALSE,NA,TRUE,FALSE,2017-03-18T20:30:00Z
20170319004500.jpg,day,cloud,FALSE,FALSE,FALSE,NA,FALSE,FALSE,2017-03-19T00:45:00Z
20170319013000.jpg,day,cloud,FALSE,FALSE,FALSE,NA,FALSE,FALSE,2017-03-19T01:30:00Z
20170319055000.jpg,night,NA,NA,NA,NA,NA,NA,NA,2017-03-19T05:50:00Z
20170319122000.jpg,night,NA,NA,NA,NA,NA,NA,NA,2017-03-19T12:20:00Z
20170319144500.jpg,day,sun,FALSE,FALSE,FALSE,NA,TRUE,FALSE,2017-03-19T14:45:00Z
20170319174500.jpg,day,cloud,FALSE,FALSE,FALSE,NA,FALSE,FALSE,2017-03-19T17:45:00Z
20170319234500.jpg,day,cloud,FALSE,FALSE,FALSE,NA,FALSE,FALSE,2017-03-19T23:45:00Z
20170320105000.jpg,night,NA,NA,NA,NA,NA,NA,NA,2017-03-20T10:50:00Z
20170320193500.jpg,day,cloud,FALSE,FALSE,FALSE,NA,FALSE,FALSE,2017-03-20T19:35:00Z
20170321010500.jpg,day,sun,FALSE,FALSE,FALSE,NA,FALSE,TRUE,2017-03-21T01:05:00Z
20170321161500.jpg,day,cloud,FALSE,FALSE,FALSE,NA,FALSE,FALSE,2017-03-21T16:15:00Z
20170321182500.jpg,day,sun,FALSE,FALSE,FALSE,NA,TRUE,FALSE,2017-03-21T18:25:00Z
20170322021500.jpg,night,NA,NA,NA,NA,NA,NA,NA,2017-03-22T02:15:00Z
20170322055000.jpg,night,NA,NA,NA,NA,NA,NA,NA,2017-03-22T05:50:00Z
20170322062000.jpg,night,NA,NA,NA,NA,NA,NA,NA,2017-03-22T06:20:00Z
20170323083000.jpg,night,NA,NA,NA,NA,NA,NA,NA,2017-03-23T08:30:00Z
20170323141000.jpg,day,cloud,FALSE,FALSE,FALSE,NA,FALSE,FALSE,2017-03-23T14:10:00Z
20170323142500.jpg,day,cloud,FALSE,FALSE,FALSE,NA,FALSE,FALSE,2017-03-23T14:25:00Z
20170323143000.jpg,day,cloud,FALSE,FALSE,FALSE,NA,FALSE,FALSE,2017-03-23T14:30:00Z
20170323161500.jpg,day,cloud,FALSE,FALSE,FALSE,NA,FALSE,FALSE,2017-03-23T16:15:00Z
20170323183500.jpg,day,cloud,FALSE,FALSE,FALSE,NA,FALSE,FALSE,2017-03-23T18:35:00Z
20170324013000.jpg,day,sun,FALSE,FALSE,FALSE,NA,FALSE,TRUE,2017-03-24T01:30:00Z
20170324033500.jpg,night,NA,NA,NA,NA,NA,NA,NA,2017-03-24T03:35:00Z
20170324040500.jpg,night,NA,NA,NA,NA,NA,NA,NA,2017-03-24T04:05:00Z
20170324083000.jpg,night,NA,NA,NA,NA,NA,NA,NA,2017-03-24T08:30:00Z
20170324090500.jpg,night,NA,NA,NA,NA,NA,NA,NA,2017-03-24T09:05:00Z
20170324101500.jpg,night,NA,NA,NA,NA,NA,NA,NA,2017-03-24T10:15:00Z
20170324103500.jpg,night,NA,NA,NA,NA,NA,NA,NA,2017-03-24T10:35:00Z
20170324112500.jpg,night,NA,NA,NA,NA,NA,NA,NA,2017-03-24T11:25:00Z
20170324142500.jpg,day,sun,FALSE,FALSE,FALSE,NA,FALSE,FALSE,2017-03-24T14:25:00Z
20170324151500.jpg,day,sun,FALSE,FALSE,FALSE,NA,FALSE,FALSE,2017-03-24T15:15:00Z
20170324225000.jpg,day,cloud,FALSE,FALSE,FALSE,NA,FALSE,FALSE,2017-03-24T22:50:00Z
20170325032000.jpg,night,NA,NA,NA,NA,NA,NA,NA,2017-03-25T03:20:00Z
20170325083500.jpg,night,NA,NA,NA,NA,NA,NA,NA,2017-03-25T08:35:00Z
20170325163000.jpg,day,cloud,FALSE,FALSE,FALSE,NA,FALSE,FALSE,2017-03-25T16:30:00Z
20170325181000.jpg,day,cloud,FALSE,FALSE,FALSE,NA,FALSE,FALSE,2017-03-25T18:10:00Z
20170325211500.jpg,day,cloud,FALSE,FALSE,FALSE,NA,FALSE,FALSE,2017-03-25T21:15:00Z
20170326115500.jpg,night,NA,NA,NA,NA,NA,NA,NA,2017-03-26T11:55:00Z
20170326160000.jpg,day,sun,FALSE,FALSE,FALSE,NA,FALSE,FALSE,2017-03-26T16:00:00Z
20170326192000.jpg,day,cloud,FALSE,FALSE,FALSE,NA,FALSE,FALSE,2017-03-26T19:20:00Z
20170326231500.jpg,day,cloud,FALSE,FALSE,FALSE,NA,TRUE,TRUE,2017-03-26T23:15:00Z
20170327022000.jpg,night,NA,NA,NA,NA,NA,NA,NA,2017-03-27T02:20:00Z
20170327031000.jpg,night,NA,NA,NA,NA,NA,NA,NA,2017-03-27T03:10:00Z
20170327032000.jpg,night,NA,NA,NA,NA,NA,NA,NA,2017-03-27T03:20:00Z
20170327060500.jpg,night,NA,NA,NA,NA,NA,NA,NA,2017-03-27T06:05:00Z
20170328075500.jpg,night,NA,NA,NA,NA,NA,NA,NA,2017-03-28T07:55:00Z
20170328103000.jpg,night,NA,NA,NA,NA,NA,NA,NA,2017-03-28T10:30:00Z
20170328141000.jpg,day,sun,FALSE,FALSE,FALSE,NA,FALSE,FALSE,2017-03-28T14:10:00Z
20170328163500.jpg,day,sun,FALSE,FALSE,FALSE,NA,FALSE,FALSE,2017-03-28T16:35:00Z
20170328181000.jpg,day,sun,FALSE,FALSE,FALSE,NA,FALSE,FALSE,2017-03-28T18:10:00Z
20170328212000.jpg,day,sun,FALSE,FALSE,FALSE,NA,FALSE,FALSE,2017-03-28T21:20:00Z
20170329032500.jpg,night,NA,NA,NA,NA,NA,NA,NA,2017-03-29T03:25:00Z
20170329083500.jpg,night,NA,NA,NA,NA,NA,NA,NA,2017-03-29T08:35:00Z
20170329094500.jpg,night,NA,NA,NA,NA,NA,NA,NA,2017-03-29T09:45:00Z
20170329183500.jpg,day,sun,FALSE,FALSE,FALSE,NA,TRUE,FALSE,2017-03-29T18:35:00Z
20170330035500.jpg,night,NA,NA,NA,NA,NA,NA,NA,2017-03-30T03:55:00Z
20170330051500.jpg,night,NA,NA,NA,NA,NA,NA,NA,2017-03-30T05:15:00Z
20170330060000.jpg,night,NA,NA,NA,NA,NA,NA,NA,2017-03-30T06:00:00Z
20170330081500.jpg,night,NA,NA,NA,NA,NA,NA,NA,2017-03-30T08:15:00Z
20170330111500.jpg,night,NA,NA,NA,NA,NA,NA,NA,2017-03-30T11:15:00Z
20170330153000.jpg,day,rain,FALSE,FALSE,FALSE,NA,FALSE,FALSE,2017-03-30T15:30:00Z
20170330180500.jpg,day,rain,FALSE,FALSE,FALSE,NA,TRUE,FALSE,2017-03-30T18:05:00Z
20170330230000.jpg,day,cloud,FALSE,TRUE,TRUE,1,FALSE,FALSE,2017-03-30T23:00:00Z
20170331021000.jpg,day,cloud,FALSE,TRUE,TRUE,1,FALSE,TRUE,2017-03-31T02:10:00Z
20170331045500.jpg,night,NA,NA,NA,NA,NA,NA,NA,2017-03-31T04:55:00Z
20170331050000.jpg,night,NA,NA,NA,NA,NA,NA,NA,2017-03-31T05:00:00Z
20170331091000.jpg,night,NA,NA,NA,NA,NA,NA,NA,2017-03-31T09:10:00Z
20170331132500.jpg,day,cloud,FALSE,TRUE,TRUE,1,FALSE,FALSE,2017-03-31T13:25:00Z
20170331150000.jpg,day,cloud,FALSE,TRUE,TRUE,1,FALSE,TRUE,2017-03-31T15:00:00Z
20170401001000.jpg,day,cloud,FALSE,TRUE,TRUE,1,FALSE,TRUE,2017-04-01T00:10:00Z
20170401073500.jpg,night,NA,NA,NA,NA,NA,NA,NA,2017-04-01T07:35:00Z
20170401115500.jpg,night,NA,NA,NA,NA,NA,NA,NA,2017-04-01T11:55:00Z
20170401140500.jpg,day,sun,FALSE,TRUE,TRUE,1,FALSE,TRUE,2017-04-01T14:05:00Z
20170401155000.jpg,day,sun,FALSE,TRUE,TRUE,1,FALSE,FALSE,2017-04-01T15:50:00Z
20170401195000.jpg,day,sun,FALSE,TRUE,TRUE,1,FALSE,FALSE,2017-04-01T19:50:00Z
20170402000500.jpg,day,sun,FALSE,TRUE,TRUE,1,FALSE,FALSE,2017-04-02T00:05:00Z
20170402010000.jpg,day,sun,FALSE,TRUE,TRUE,1,FALSE,FALSE,2017-04-02T01:00:00Z
20170402044000.jpg,night,NA,NA,NA,NA,NA,NA,NA,2017-04-02T04:40:00Z
20170402052500.jpg,night,NA,NA,NA,NA,NA,NA,NA,2017-04-02T05:25:00Z
20170402053500.jpg,night,NA,NA,NA,NA,NA,NA,NA,2017-04-02T05:35:00Z
20170402113000.jpg,night,NA,NA,NA,NA,NA,NA,NA,2017-04-02T11:30:00Z
20170402132000.jpg,day,cloud,FALSE,TRUE,TRUE,1,FALSE,FALSE,2017-04-02T13:20:00Z
20170402165500.jpg,day,cloud,FALSE,TRUE,TRUE,1,FALSE,FALSE,2017-04-02T16:55:00Z
20170402194500.jpg,day,cloud,FALSE,TRUE,TRUE,1,FALSE,FALSE,2017-04-02T19:45:00Z
20170402215000.jpg,day,sun,FALSE,TRUE,TRUE,2,FALSE,FALSE,2017-04-02T21:50:00Z
20170402215500.jpg,day,sun,FALSE,TRUE,TRUE,2,FALSE,FALSE,2017-04-02T21:55:00Z
20170403120500.jpg,night,NA,NA,NA,NA,NA,NA,NA,2017-04-03T12:05:00Z
20170403171500.jpg,day,cloud,FALSE,TRUE,TRUE,1,FALSE,FALSE,2017-04-03T17:15:00Z
20170403174500.jpg,day,cloud,FALSE,TRUE,TRUE,1,FALSE,FALSE,2017-04-03T17:45:00Z
20170403183000.jpg,day,cloud,FALSE,TRUE,TRUE,1,FALSE,FALSE,2017-04-03T18:30:00Z
20170403201500.jpg,day,cloud,FALSE,TRUE,TRUE,1,FALSE,FALSE,2017-04-03T20:15:00Z
20170403220500.jpg,day,cloud,FALSE,TRUE,TRUE,1,FALSE,FALSE,2017-04-03T22:05:00Z
20170404014000.jpg,day,sun,FALSE,TRUE,TRUE,1,FALSE,FALSE,2017-04-04T01:40:00Z
20170404081000.jpg,night,NA,NA,NA,NA,NA,NA,NA,2017-04-04T08:10:00Z
20170404085000.jpg,night,NA,NA,NA,NA,NA,NA,NA,2017-04-04T08:50:00Z
20170404102000.jpg,night,NA,NA,NA,NA,NA,NA,NA,2017-04-04T10:20:00Z
20170404103000.jpg,night,NA,NA,NA,NA,NA,NA,NA,2017-04-04T10:30:00Z
20170404122000.jpg,night,NA,NA,NA,NA,NA,NA,NA,2017-04-04T12:20:00Z
20170404153500.jpg,day,sun,FALSE,TRUE,TRUE,2,FALSE,FALSE,2017-04-04T15:35:00Z
20170404155500.jpg,day,sun,FALSE,TRUE,TRUE,2,TRUE,FALSE,2017-04-04T15:55:00Z
20170404202500.jpg,day,sun,FALSE,TRUE,TRUE,2,FALSE,FALSE,2017-04-04T20:25:00Z
20170405071000.jpg,night,NA,NA,NA,NA,NA,NA,NA,2017-04-05T07:10:00Z
20170405140500.jpg,day,cloud,FALSE,TRUE,TRUE,2,FALSE,FALSE,2017-04-05T14:05:00Z
20170405191500.jpg,day,cloud,FALSE,TRUE,TRUE,3,FALSE,FALSE,2017-04-05T19:15:00Z
20170406020500.jpg,day,sun,FALSE,TRUE,TRUE,3,TRUE,FALSE,2017-04-06T02:05:00Z
20170406082500.jpg,night,NA,NA,NA,NA,NA,NA,NA,2017-04-06T08:25:00Z
20170406140000.jpg,day,sun,FALSE,TRUE,TRUE,3,FALSE,FALSE,2017-04-06T14:00:00Z
20170406172000.jpg,day,sun,FALSE,TRUE,TRUE,3,FALSE,FALSE,2017-04-06T17:20:00Z
20170406225500.jpg,day,cloud,FALSE,TRUE,TRUE,3,FALSE,FALSE,2017-04-06T22:55:00Z
20170406230500.jpg,day,cloud,FALSE,TRUE,TRUE,4,FALSE,FALSE,2017-04-06T23:05:00Z
20170407022000.jpg,day,cloud,FALSE,TRUE,TRUE,3,FALSE,FALSE,2017-04-07T02:20:00Z
20170407072500.jpg,night,NA,NA,NA,NA,NA,NA,NA,2017-04-07T07:25:00Z
20170407111000.jpg,night,NA,NA,NA,NA,NA,NA,NA,2017-04-07T11:10:00Z
20170407224500.jpg,day,cloud,FALSE,TRUE,TRUE,3,FALSE,FALSE,2017-04-07T22:45:00Z
20170408015500.jpg,day,cloud,FALSE,TRUE,TRUE,3,FALSE,FALSE,2017-04-08T01:55:00Z
20170408022000.jpg,day,cloud,FALSE,TRUE,TRUE,3,FALSE,FALSE,2017-04-08T02:20:00Z
20170408022500.jpg,day,cloud,FALSE,TRUE,TRUE,3,FALSE,FALSE,2017-04-08T02:25:00Z
20170408080000.jpg,night,NA,NA,NA,NA,NA,NA,NA,2017-04-08T08:00:00Z
20170408104000.jpg,night,NA,NA,NA,NA,NA,NA,NA,2017-04-08T10:40:00Z
20170408111500.jpg,night,NA,NA,NA,NA,NA,NA,NA,2017-04-08T11:15:00Z
20170408191500.jpg,day,cloud,FALSE,TRUE,TRUE,3,TRUE,FALSE,2017-04-08T19:15:00Z
20170408192000.jpg,day,cloud,FALSE,TRUE,TRUE,3,TRUE,FALSE,2017-04-08T19:20:00Z
20170409032500.jpg,night,NA,NA,NA,NA,NA,NA,NA,2017-04-09T03:25:00Z
20170409171000.jpg,day,sun,FALSE,TRUE,TRUE,4,FALSE,FALSE,2017-04-09T17:10:00Z
20170409184000.jpg,day,sun,FALSE,TRUE,TRUE,4,TRUE,FALSE,2017-04-09T18:40:00Z
20170409200500.jpg,day,sun,FALSE,TRUE,TRUE,5,TRUE,FALSE,2017-04-09T20:05:00Z
20170410055500.jpg,night,NA,NA,NA,NA,NA,NA,NA,2017-04-10T05:55:00Z
20170410105500.jpg,night,NA,NA,NA,NA,NA,NA,NA,2017-04-10T10:55:00Z
20170410111000.jpg,night,NA,NA,NA,NA,NA,NA,NA,2017-04-10T11:10:00Z
20170410133000.jpg,day,sun,FALSE,TRUE,TRUE,5,TRUE,FALSE,2017-04-10T13:30:00Z
20170410200000.jpg,day,sun,FALSE,TRUE,TRUE,5,FALSE,FALSE,2017-04-10T20:00:00Z
20170410205000.jpg,day,sun,FALSE,TRUE,TRUE,5,TRUE,FALSE,2017-04-10T20:50:00Z
20170410232000.jpg,day,sun,FALSE,TRUE,TRUE,6,FALSE,FALSE,2017-04-10T23:20:00Z
20170411012000.jpg,day,sun,FALSE,TRUE,TRUE,6,FALSE,FALSE,2017-04-11T01:20:00Z
20170411093000.jpg,night,NA,NA,NA,NA,NA,NA,NA,2017-04-11T09:30:00Z
20170411124500.jpg,day,cloud,FALSE,TRUE,TRUE,4,FALSE,FALSE,2017-04-11T12:45:00Z
20170411143000.jpg,day,cloud,FALSE,TRUE,TRUE,4,FALSE,FALSE,2017-04-11T14:30:00Z
20170411144000.jpg,day,cloud,FALSE,TRUE,TRUE,5,FALSE,FALSE,2017-04-11T14:40:00Z
20170411155000.jpg,day,cloud,FALSE,TRUE,TRUE,5,FALSE,FALSE,2017-04-11T15:50:00Z
20170412150500.jpg,day,sun,FALSE,TRUE,TRUE,4,FALSE,FALSE,2017-04-12T15:05:00Z
20170412170500.jpg,day,sun,FALSE,TRUE,TRUE,4,FALSE,FALSE,2017-04-12T17:05:00Z
20170412172000.jpg,day,sun,FALSE,TRUE,TRUE,4,FALSE,FALSE,2017-04-12T17:20:00Z
20170413072500.jpg,night,NA,NA,NA,NA,NA,NA,NA,2017-04-13T07:25:00Z
20170413123500.jpg,day,sun,FALSE,TRUE,TRUE,5,FALSE,FALSE,2017-04-13T12:35:00Z
20170413194500.jpg,day,sun,FALSE,TRUE,TRUE,3,FALSE,FALSE,2017-04-13T19:45:00Z
20170413221500.jpg,day,cloud,FALSE,TRUE,TRUE,4,FALSE,FALSE,2017-04-13T22:15:00Z
20170413222500.jpg,day,cloud,FALSE,TRUE,TRUE,4,FALSE,FALSE,2017-04-13T22:25:00Z
20170414000500.jpg,day,cloud,FALSE,TRUE,TRUE,4,FALSE,FALSE,2017-04-14T00:05:00Z
20170414015000.jpg,day,cloud,FALSE,TRUE,TRUE,4,FALSE,FALSE,2017-04-14T01:50:00Z
20170414101500.jpg,night,NA,NA,NA,NA,NA,NA,NA,2017-04-14T10:15:00Z
20170414130000.jpg,day,cloud,FALSE,TRUE,TRUE,4,FALSE,FALSE,2017-04-14T13:00:00Z
20170414150500.jpg,day,sun,FALSE,TRUE,TRUE,4,TRUE,FALSE,2017-04-14T15:05:00Z
20170414220500.jpg,day,cloud,FALSE,TRUE,TRUE,5,FALSE,FALSE,2017-04-14T22:05:00Z
20170415060500.jpg,night,NA,NA,NA,NA,NA,NA,NA,2017-04-15T06:05:00Z
20170415173000.jpg,day,sun,FALSE,TRUE,TRUE,4,FALSE,FALSE,2017-04-15T17:30:00Z
20170415180500.jpg,day,sun,FALSE,TRUE,TRUE,4,FALSE,FALSE,2017-04-15T18:05:00Z
20170416013000.jpg,day,sun,FALSE,TRUE,TRUE,5,FALSE,FALSE,2017-04-16T01:30:00Z
20170416015500.jpg,day,sun,FALSE,TRUE,TRUE,5,FALSE,FALSE,2017-04-16T01:55:00Z
20170416031000.jpg,night,NA,NA,NA,NA,NA,NA,NA,2017-04-16T03:10:00Z
20170416145000.jpg,day,cloud,FALSE,TRUE,TRUE,5,FALSE,FALSE,2017-04-16T14:50:00Z
20170416183000.jpg,day,cloud,FALSE,TRUE,TRUE,5,FALSE,FALSE,2017-04-16T18:30:00Z
20170416212000.jpg,day,cloud,FALSE,TRUE,TRUE,4,FALSE,FALSE,2017-04-16T21:20:00Z
20170417022500.jpg,day,cloud,FALSE,TRUE,TRUE,6,FALSE,FALSE,2017-04-17T02:25:00Z
20170417153500.jpg,day,cloud,FALSE,TRUE,TRUE,5,FALSE,FALSE,2017-04-17T15:35:00Z
20170417162500.jpg,day,cloud,FALSE,TRUE,TRUE,5,FALSE,FALSE,2017-04-17T16:25:00Z
20170417224000.jpg,day,cloud,FALSE,TRUE,TRUE,5,FALSE,FALSE,2017-04-17T22:40:00Z
20170418105000.jpg,night,NA,NA,NA,NA,NA,NA,NA,2017-04-18T10:50:00Z
20170418121500.jpg,night,NA,NA,NA,NA,NA,NA,NA,2017-04-18T12:15:00Z
20170418182000.jpg,day,cloud,FALSE,TRUE,TRUE,5,FALSE,FALSE,2017-04-18T18:20:00Z
20170419020500.jpg,day,cloud,FALSE,TRUE,TRUE,6,FALSE,FALSE,2017-04-19T02:05:00Z
20170419122000.jpg,day,sun,FALSE,TRUE,TRUE,7,FALSE,FALSE,2017-04-19T12:20:00Z
20170419161500.jpg,day,sun,FALSE,TRUE,TRUE,5,FALSE,FALSE,2017-04-19T16:15:00Z
20170419224000.jpg,day,cloud,FALSE,TRUE,TRUE,5,FALSE,FALSE,2017-04-19T22:40:00Z
20170420002500.jpg,day,sun,FALSE,TRUE,TRUE,5,FALSE,FALSE,2017-04-20T00:25:00Z
20170420061500.jpg,night,NA,NA,NA,NA,NA,NA,NA,2017-04-20T06:15:00Z
20170420062500.jpg,night,NA,NA,NA,NA,NA,NA,NA,2017-04-20T06:25:00Z
20170420092500.jpg,night,NA,NA,NA,NA,NA,NA,NA,2017-04-20T09:25:00Z
20170420093500.jpg,night,NA,NA,NA,NA,NA,NA,NA,2017-04-20T09:35:00Z
20170420171000.jpg,day,cloud,FALSE,TRUE,TRUE,7,FALSE,FALSE,2017-04-20T17:10:00Z
20170421061500.jpg,night,NA,NA,NA,NA,NA,NA,NA,2017-04-21T06:15:00Z
20170421122500.jpg,day,sun,FALSE,TRUE,TRUE,6,FALSE,FALSE,2017-04-21T12:25:00Z
20170421140000.jpg,day,sun,FALSE,TRUE,TRUE,6,FALSE,FALSE,2017-04-21T14:00:00Z
20170422035000.jpg,night,NA,NA,NA,NA,NA,NA,NA,2017-04-22T03:50:00Z
20170422044000.jpg,night,NA,NA,NA,NA,NA,NA,NA,2017-04-22T04:40:00Z
20170422091000.jpg,night,NA,NA,NA,NA,NA,NA,NA,2017-04-22T09:10:00Z
20170422092500.jpg,night,NA,NA,NA,NA,NA,NA,NA,2017-04-22T09:25:00Z
20170422195000.jpg,day,sun,FALSE,TRUE,TRUE,4,TRUE,FALSE,2017-04-22T19:50:00Z
20170422211500.jpg,day,sun,FALSE,TRUE,TRUE,5,FALSE,FALSE,2017-04-22T21:15:00Z
20170423125000.jpg,day,sun,FALSE,TRUE,TRUE,7,FALSE,FALSE,2017-04-23T12:50:00Z
20170423151500.jpg,day,sun,FALSE,TRUE,TRUE,8,FALSE,FALSE,2017-04-23T15:15:00Z
20170423154000.jpg,day,sun,FALSE,TRUE,TRUE,7,FALSE,FALSE,2017-04-23T15:40:00Z
20170423161000.jpg,day,sun,FALSE,TRUE,TRUE,7,FALSE,FALSE,2017-04-23T16:10:00Z
20170423213000.jpg,day,cloud,FALSE,TRUE,TRUE,7,FALSE,FALSE,2017-04-23T21:30:00Z
20170423221000.jpg,day,cloud,FALSE,TRUE,TRUE,5,FALSE,FALSE,2017-04-23T22:10:00Z
20170423223000.jpg,day,cloud,FALSE,TRUE,TRUE,5,FALSE,FALSE,2017-04-23T22:30:00Z
20170424000500.jpg,day,cloud,FALSE,TRUE,TRUE,5,FALSE,FALSE,2017-04-24T00:05:00Z
20170424020000.jpg,day,sun,FALSE,TRUE,TRUE,7,TRUE,TRUE,2017-04-24T02:00:00Z
20170424075000.jpg,night,NA,NA,NA,NA,NA,NA,NA,2017-04-24T07:50:00Z
20170424140000.jpg,day,cloud,FALSE,TRUE,TRUE,7,FALSE,FALSE,2017-04-24T14:00:00Z
20170424163000.jpg,day,cloud,FALSE,TRUE,TRUE,5,FALSE,FALSE,2017-04-24T16:30:00Z
20170424191000.jpg,day,cloud,FALSE,TRUE,TRUE,5,FALSE,FALSE,2017-04-24T19:10:00Z
20170424230000.jpg,day,cloud,FALSE,TRUE,TRUE,5,FALSE,FALSE,2017-04-24T23:00:00Z
20170425000000.jpg,day,cloud,FALSE,TRUE,TRUE,5,FALSE,FALSE,2017-04-25T00:00:00Z
20170425023500.jpg,day,cloud,FALSE,TRUE,TRUE,5,FALSE,FALSE,2017-04-25T02:35:00Z
20170425095500.jpg,night,NA,NA,NA,NA,NA,NA,NA,2017-04-25T09:55:00Z
20170425105000.jpg,night,NA,NA,NA,NA,NA,NA,NA,2017-04-25T10:50:00Z
20170425113000.jpg,night,NA,NA,NA,NA,NA,NA,NA,2017-04-25T11:30:00Z
20170425114000.jpg,night,NA,NA,NA,NA,NA,NA,NA,2017-04-25T11:40:00Z
20170425163000.jpg,day,cloud,FALSE,TRUE,TRUE,5,FALSE,FALSE,2017-04-25T16:30:00Z
20170425185500.jpg,day,cloud,FALSE,TRUE,TRUE,5,FALSE,FALSE,2017-04-25T18:55:00Z
20170425224500.jpg,day,sun,FALSE,TRUE,TRUE,5,FALSE,FALSE,2017-04-25T22:45:00Z
20170426060000.jpg,night,NA,NA,NA,NA,NA,NA,NA,2017-04-26T06:00:00Z
20170426072000.jpg,night,NA,NA,NA,NA,NA,NA,NA,2017-04-26T07:20:00Z
20170426081000.jpg,night,NA,NA,NA,NA,NA,NA,NA,2017-04-26T08:10:00Z
20170426120000.jpg,night,NA,NA,NA,NA,NA,NA,NA,2017-04-26T12:00:00Z
20170426163500.jpg,day,cloud,FALSE,TRUE,TRUE,7,FALSE,FALSE,2017-04-26T16:35:00Z
20170426194500.jpg,day,cloud,FALSE,TRUE,TRUE,7,FALSE,FALSE,2017-04-26T19:45:00Z
20170426233000.jpg,day,rain,FALSE,TRUE,TRUE,9,FALSE,FALSE,2017-04-26T23:30:00Z
20170427105000.jpg,night,NA,NA,NA,NA,NA,NA,NA,2017-04-27T10:50:00Z
20170427130500.jpg,day,sun,FALSE,TRUE,TRUE,7,FALSE,FALSE,2017-04-27T13:05:00Z
20170428060000.jpg,night,NA,NA,NA,NA,NA,NA,NA,2017-04-28T06:00:00Z
20170428070000.jpg,night,NA,NA,NA,NA,NA,NA,NA,2017-04-28T07:00:00Z
20170428071500.jpg,night,NA,NA,NA,NA,NA,NA,NA,2017-04-28T07:15:00Z
20170428120500.jpg,day,sun,FALSE,TRUE,TRUE,7,FALSE,FALSE,2017-04-28T12:05:00Z
20170428123500.jpg,day,sun,FALSE,TRUE,TRUE,7,FALSE,FALSE,2017-04-28T12:35:00Z
20170428153000.jpg,day,cloud,FALSE,TRUE,TRUE,7,FALSE,FALSE,2017-04-28T15:30:00Z
20170428162000.jpg,day,cloud,FALSE,TRUE,TRUE,7,FALSE,FALSE,2017-04-28T16:20:00Z
20170428172000.jpg,day,cloud,FALSE,TRUE,TRUE,7,FALSE,FALSE,2017-04-28T17:20:00Z
20170428205500.jpg,day,cloud,FALSE,TRUE,TRUE,7,FALSE,FALSE,2017-04-28T20:55:00Z
20170429023500.jpg,day,cloud,FALSE,TRUE,TRUE,7,FALSE,FALSE,2017-04-29T02:35:00Z
20170429030000.jpg,day,cloud,FALSE,TRUE,TRUE,7,FALSE,FALSE,2017-04-29T03:00:00Z
20170429054500.jpg,night,NA,NA,NA,NA,NA,NA,NA,2017-04-29T05:45:00Z
20170429131500.jpg,day,sun,FALSE,TRUE,TRUE,5,FALSE,FALSE,2017-04-29T13:15:00Z
20170429170000.jpg,day,sun,FALSE,TRUE,TRUE,7,FALSE,FALSE,2017-04-29T17:00:00Z
20170429195500.jpg,day,sun,FALSE,TRUE,TRUE,5,FALSE,FALSE,2017-04-29T19:55:00Z
20170429222000.jpg,day,sun,FALSE,TRUE,TRUE,5,FALSE,FALSE,2017-04-29T22:20:00Z
20170429230500.jpg,day,sun,FALSE,TRUE,TRUE,7,FALSE,TRUE,2017-04-29T23:05:00Z
20170430053000.jpg,night,NA,NA,NA,NA,NA,NA,NA,2017-04-30T05:30:00Z
20170430055000.jpg,night,NA,NA,NA,NA,NA,NA,NA,2017-04-30T05:50:00Z
20170430092000.jpg,night,NA,NA,NA,NA,NA,NA,NA,2017-04-30T09:20:00Z
20170430093000.jpg,night,NA,NA,NA,NA,NA,NA,NA,2017-04-30T09:30:00Z
20170430224500.jpg,day,cloud,FALSE,TRUE,TRUE,7,FALSE,FALSE,2017-04-30T22:45:00Z
20170501043000.jpg,night,NA,NA,NA,NA,NA,NA,NA,2017-05-01T04:30:00Z
20170501175500.jpg,day,sun,FALSE,TRUE,TRUE,5,FALSE,FALSE,2017-05-01T17:55:00Z
20170501200500.jpg,day,sun,FALSE,TRUE,TRUE,5,FALSE,FALSE,2017-05-01T20:05:00Z
20170501223500.jpg,day,sun,FALSE,TRUE,TRUE,5,TRUE,FALSE,2017-05-01T22:35:00Z
20170502004000.jpg,day,sun,FALSE,TRUE,TRUE,5,FALSE,FALSE,2017-05-02T00:40:00Z
20170502023500.jpg,day,sun,FALSE,TRUE,TRUE,5,TRUE,FALSE,2017-05-02T02:35:00Z
20170502033000.jpg,night,NA,NA,NA,NA,NA,NA,NA,2017-05-02T03:30:00Z
20170502050500.jpg,night,NA,NA,NA,NA,NA,NA,NA,2017-05-02T05:05:00Z
20170502075500.jpg,night,NA,NA,NA,NA,NA,NA,NA,2017-05-02T07:55:00Z
20170502104500.jpg,night,NA,NA,NA,NA,NA,NA,NA,2017-05-02T10:45:00Z
20170502175000.jpg,day,sun,FALSE,TRUE,TRUE,7,FALSE,FALSE,2017-05-02T17:50:00Z
20170503050000.jpg,night,NA,NA,NA,NA,NA,NA,NA,2017-05-03T05:00:00Z
20170503085500.jpg,night,NA,NA,NA,NA,NA,NA,NA,2017-05-03T08:55:00Z
20170503095500.jpg,night,NA,NA,NA,NA,NA,NA,NA,2017-05-03T09:55:00Z
20170503124500.jpg,day,sun,FALSE,TRUE,TRUE,5,FALSE,FALSE,2017-05-03T12:45:00Z
20170503130000.jpg,day,sun,FALSE,TRUE,TRUE,5,FALSE,FALSE,2017-05-03T13:00:00Z
20170503201500.jpg,day,sun,FALSE,TRUE,TRUE,5,FALSE,FALSE,2017-05-03T20:15:00Z
20170503233500.jpg,day,sun,FALSE,TRUE,TRUE,5,FALSE,FALSE,2017-05-03T23:35:00Z
20170504043000.jpg,night,NA,NA,NA,NA,NA,NA,NA,2017-05-04T04:30:00Z
20170504150500.jpg,day,sun,FALSE,TRUE,TRUE,5,FALSE,FALSE,2017-05-04T15:05:00Z
20170504191000.jpg,day,sun,FALSE,TRUE,TRUE,5,FALSE,FALSE,2017-05-04T19:10:00Z
20170505020000.jpg,day,sun,FALSE,TRUE,TRUE,5,FALSE,FALSE,2017-05-05T02:00:00Z
20170505105000.jpg,night,NA,NA,NA,NA,NA,NA,NA,2017-05-05T10:50:00Z
20170505230500.jpg,day,sun,FALSE,TRUE,TRUE,5,FALSE,FALSE,2017-05-05T23:05:00Z
20170505231500.jpg,day,sun,FALSE,TRUE,TRUE,5,FALSE,FALSE,2017-05-05T23:15:00Z
20170506003500.jpg,day,sun,FALSE,TRUE,TRUE,5,FALSE,FALSE,2017-05-06T00:35:00Z
20170506021000.jpg,day,cloud,FALSE,TRUE,TRUE,5,FALSE,FALSE,2017-05-06T02:10:00Z
20170506035000.jpg,night,NA,NA,NA,NA,NA,NA,NA,2017-05-06T03:50:00Z
20170506143000.jpg,day,cloud,FALSE,TRUE,TRUE,5,FALSE,FALSE,2017-05-06T14:30:00Z
20170506211000.jpg,day,cloud,FALSE,TRUE,TRUE,5,FALSE,FALSE,2017-05-06T21:10:00Z
20170506234500.jpg,day,cloud,FALSE,TRUE,TRUE,5,FALSE,FALSE,2017-05-06T23:45:00Z
20170507051500.jpg,night,NA,NA,NA,NA,NA,NA,NA,2017-05-07T05:15:00Z
20170507084000.jpg,night,NA,NA,NA,NA,NA,NA,NA,2017-05-07T08:40:00Z
20170507090000.jpg,night,NA,NA,NA,NA,NA,NA,NA,2017-05-07T09:00:00Z
20170507162000.jpg,day,sun,FALSE,TRUE,TRUE,5,FALSE,FALSE,2017-05-07T16:20:00Z
20170508085000.jpg,night,NA,NA,NA,NA,NA,NA,NA,2017-05-08T08:50:00Z
20170508105500.jpg,night,NA,NA,NA,NA,NA,NA,NA,2017-05-08T10:55:00Z
20170508212500.jpg,day,sun,FALSE,TRUE,TRUE,5,FALSE,FALSE,2017-05-08T21:25:00Z
20170508214500.jpg,day,sun,FALSE,TRUE,TRUE,5,FALSE,FALSE,2017-05-08T21:45:00Z
20170508232500.jpg,day,sun,FALSE,TRUE,TRUE,5,FALSE,FALSE,2017-05-08T23:25:00Z
20170509025000.jpg,day,cloud,FALSE,TRUE,TRUE,5,FALSE,FALSE,2017-05-09T02:50:00Z
20170509031000.jpg,day,cloud,FALSE,TRUE,TRUE,5,FALSE,FALSE,2017-05-09T03:10:00Z
20170509110000.jpg,night,NA,NA,NA,NA,NA,NA,NA,2017-05-09T11:00:00Z
20170509182500.jpg,day,sun,FALSE,TRUE,TRUE,5,FALSE,FALSE,2017-05-09T18:25:00Z
20170510163500.jpg,day,sun,FALSE,TRUE,TRUE,5,FALSE,FALSE,2017-05-10T16:35:00Z
20170510214500.jpg,day,sun,FALSE,TRUE,TRUE,5,FALSE,FALSE,2017-05-10T21:45:00Z
20170511075500.jpg,night,NA,NA,NA,NA,NA,NA,NA,2017-05-11T07:55:00Z
20170511203500.jpg,day,sun,FALSE,TRUE,TRUE,5,FALSE,FALSE,2017-05-11T20:35:00Z
20170511232000.jpg,day,sun,FALSE,TRUE,TRUE,5,FALSE,FALSE,2017-05-11T23:20:00Z
20170512022500.jpg,day,sun,FALSE,TRUE,TRUE,5,FALSE,FALSE,2017-05-12T02:25:00Z
20170512072000.jpg,night,NA,NA,NA,NA,NA,NA,NA,2017-05-12T07:20:00Z
20170512094500.jpg,night,NA,NA,NA,NA,NA,NA,NA,2017-05-12T09:45:00Z
20170513054000.jpg,night,NA,NA,NA,NA,NA,NA,NA,2017-05-13T05:40:00Z
20170513080000.jpg,night,NA,NA,NA,NA,NA,NA,NA,2017-05-13T08:00:00Z
20170513113500.jpg,night,NA,NA,NA,NA,NA,NA,NA,2017-05-13T11:35:00Z
20170513114000.jpg,night,NA,NA,NA,NA,NA,NA,NA,2017-05-13T11:40:00Z
20170513124500.jpg,day,sun,FALSE,TRUE,TRUE,5,FALSE,FALSE,2017-05-13T12:45:00Z
20170513150000.jpg,day,cloud,FALSE,TRUE,TRUE,5,FALSE,FALSE,2017-05-13T15:00:00Z
20170513164000.jpg,day,cloud,FALSE,TRUE,TRUE,5,FALSE,FALSE,2017-05-13T16:40:00Z
20170513175000.jpg,day,cloud,FALSE,TRUE,TRUE,5,FALSE,FALSE,2017-05-13T17:50:00Z
20170513224500.jpg,day,sun,FALSE,TRUE,TRUE,5,FALSE,FALSE,2017-05-13T22:45:00Z
20170514024000.jpg,day,sun,FALSE,TRUE,TRUE,5,FALSE,FALSE,2017-05-14T02:40:00Z
20170514034000.jpg,night,NA,NA,NA,NA,NA,NA,NA,2017-05-14T03:40:00Z
20170514123000.jpg,day,sun,FALSE,TRUE,TRUE,5,FALSE,FALSE,2017-05-14T12:30:00Z
20170514144500.jpg,day,cloud,FALSE,TRUE,TRUE,5,FALSE,FALSE,2017-05-14T14:45:00Z
20170514210500.jpg,day,sun,FALSE,TRUE,TRUE,5,FALSE,FALSE,2017-05-14T21:05:00Z
20170514222000.jpg,day,sun,FALSE,TRUE,TRUE,5,TRUE,FALSE,2017-05-14T22:20:00Z
20170515011000.jpg,day,sun,FALSE,TRUE,TRUE,5,FALSE,FALSE,2017-05-15T01:10:00Z
20170515042500.jpg,night,NA,NA,NA,NA,NA,NA,NA,2017-05-15T04:25:00Z
20170515062000.jpg,night,NA,NA,NA,NA,NA,NA,NA,2017-05-15T06:20:00Z
20170515063000.jpg,night,NA,NA,NA,NA,NA,NA,NA,2017-05-15T06:30:00Z
20170515073500.jpg,night,NA,NA,NA,NA,NA,NA,NA,2017-05-15T07:35:00Z
20170515081000.jpg,night,NA,NA,NA,NA,NA,NA,NA,2017-05-15T08:10:00Z
20170515224000.jpg,day,cloud,FALSE,TRUE,TRUE,5,FALSE,FALSE,2017-05-15T22:40:00Z
20170515233000.jpg,day,cloud,FALSE,TRUE,TRUE,5,FALSE,FALSE,2017-05-15T23:30:00Z
20170516054000.jpg,night,NA,NA,NA,NA,NA,NA,NA,2017-05-16T05:40:00Z
20170516081000.jpg,night,NA,NA,NA,NA,NA,NA,NA,2017-05-16T08:10:00Z
20170516163000.jpg,day,cloud,FALSE,TRUE,TRUE,5,FALSE,FALSE,2017-05-16T16:30:00Z
20170516180500.jpg,day,cloud,FALSE,TRUE,TRUE,5,FALSE,FALSE,2017-05-16T18:05:00Z
20170516224000.jpg,day,cloud,FALSE,TRUE,TRUE,5,FALSE,FALSE,2017-05-16T22:40:00Z
20170516230000.jpg,day,cloud,FALSE,TRUE,TRUE,5,FALSE,FALSE,2017-05-16T23:00:00Z
20170517002000.jpg,day,cloud,FALSE,TRUE,TRUE,5,FALSE,FALSE,2017-05-17T00:20:00Z
20170517025000.jpg,day,cloud,FALSE,TRUE,TRUE,5,FALSE,FALSE,2017-05-17T02:50:00Z
20170517060000.jpg,night,NA,NA,NA,NA,NA,NA,NA,2017-05-17T06:00:00Z
20170517131000.jpg,day,sun,FALSE,TRUE,TRUE,5,FALSE,FALSE,2017-05-17T13:10:00Z
20170517131500.jpg,day,sun,FALSE,TRUE,TRUE,5,FALSE,FALSE,2017-05-17T13:15:00Z
20170517180000.jpg,day,rain,FALSE,TRUE,TRUE,5,FALSE,FALSE,2017-05-17T18:00:00Z
20170517183500.jpg,day,rain,FALSE,TRUE,TRUE,5,FALSE,FALSE,2017-05-17T18:35:00Z
20170517202000.jpg,day,cloud,FALSE,TRUE,TRUE,5,FALSE,FALSE,2017-05-17T20:20:00Z
20170517210000.jpg,day,cloud,FALSE,TRUE,TRUE,5,FALSE,FALSE,2017-05-17T21:00:00Z
20170517222500.jpg,day,cloud,FALSE,TRUE,TRUE,5,FALSE,FALSE,2017-05-17T22:25:00Z
20170518042500.jpg,night,NA,NA,NA,NA,NA,NA,NA,2017-05-18T04:25:00Z
20170518072500.jpg,night,NA,NA,NA,NA,NA,NA,NA,2017-05-18T07:25:00Z
20170518084500.jpg,night,NA,NA,NA,NA,NA,NA,NA,2017-05-18T08:45:00Z
20170518151000.jpg,day,sun,FALSE,TRUE,TRUE,5,FALSE,FALSE,2017-05-18T15:10:00Z
20170518212000.jpg,day,cloud,FALSE,TRUE,TRUE,5,FALSE,FALSE,2017-05-18T21:20:00Z
20170518230000.jpg,day,cloud,FALSE,TRUE,TRUE,5,FALSE,FALSE,2017-05-18T23:00:00Z
20170518232000.jpg,day,cloud,FALSE,TRUE,TRUE,5,FALSE,FALSE,2017-05-18T23:20:00Z
20170518234000.jpg,day,cloud,FALSE,TRUE,TRUE,5,FALSE,FALSE,2017-05-18T23:40:00Z
20170519000500.jpg,day,cloud,FALSE,TRUE,TRUE,5,FALSE,FALSE,2017-05-19T00:05:00Z
20170519015000.jpg,day,cloud,FALSE,TRUE,TRUE,5,FALSE,FALSE,2017-05-19T01:50:00Z
20170519024000.jpg,day,cloud,FALSE,TRUE,TRUE,5,FALSE,TRUE,2017-05-19T02:40:00Z
20170519083500.jpg,night,NA,NA,NA,NA,NA,NA,NA,2017-05-19T08:35:00Z
20170519233000.jpg,day,sun,FALSE,TRUE,TRUE,5,FALSE,FALSE,2017-05-19T23:30:00Z
20170520061000.jpg,night,NA,NA,NA,NA,NA,NA,NA,2017-05-20T06:10:00Z
20170520072500.jpg,night,NA,NA,NA,NA,NA,NA,NA,2017-05-20T07:25:00Z
20170520085000.jpg,night,NA,NA,NA,NA,NA,NA,NA,2017-05-20T08:50:00Z
20170520171500.jpg,day,sun,FALSE,TRUE,TRUE,5,FALSE,FALSE,2017-05-20T17:15:00Z
20170520180000.jpg,day,sun,FALSE,TRUE,TRUE,5,FALSE,FALSE,2017-05-20T18:00:00Z
20170520224000.jpg,day,sun,FALSE,TRUE,TRUE,5,FALSE,FALSE,2017-05-20T22:40:00Z
20170521072500.jpg,night,NA,NA,NA,NA,NA,NA,NA,2017-05-21T07:25:00Z
20170521182500.jpg,day,sun,FALSE,TRUE,TRUE,5,FALSE,FALSE,2017-05-21T18:25:00Z
20170521213000.jpg,day,sun,FALSE,TRUE,TRUE,5,FALSE,FALSE,2017-05-21T21:30:00Z
20170522023500.jpg,day,sun,FALSE,TRUE,TRUE,5,FALSE,FALSE,2017-05-22T02:35:00Z
20170522054500.jpg,night,NA,NA,NA,NA,NA,NA,NA,2017-05-22T05:45:00Z
20170522114000.jpg,day,cloud,FALSE,TRUE,TRUE,5,FALSE,FALSE,2017-05-22T11:40:00Z
20170522211000.jpg,day,sun,FALSE,TRUE,TRUE,5,TRUE,FALSE,2017-05-22T21:10:00Z
20170523011500.jpg,day,sun,FALSE,TRUE,TRUE,5,FALSE,FALSE,2017-05-23T01:15:00Z
20170524094000.jpg,night,NA,NA,NA,NA,NA,NA,NA,2017-05-24T09:40:00Z
20170524155500.jpg,day,sun,FALSE,TRUE,TRUE,5,FALSE,FALSE,2017-05-24T15:55:00Z
20170524163500.jpg,day,sun,FALSE,TRUE,TRUE,4,FALSE,FALSE,2017-05-24T16:35:00Z
20170524165000.jpg,day,sun,FALSE,TRUE,TRUE,4,FALSE,FALSE,2017-05-24T16:50:00Z
20170524230000.jpg,day,sun,FALSE,TRUE,TRUE,4,FALSE,FALSE,2017-05-24T23:00:00Z
20170525091000.jpg,night,NA,NA,NA,NA,NA,NA,NA,2017-05-25T09:10:00Z
20170525092500.jpg,night,NA,NA,NA,NA,NA,NA,NA,2017-05-25T09:25:00Z
20170525164000.jpg,day,sun,FALSE,TRUE,TRUE,5,FALSE,FALSE,2017-05-25T16:40:00Z
20170525205000.jpg,day,cloud,FALSE,TRUE,TRUE,5,FALSE,FALSE,2017-05-25T20:50:00Z
20170526000000.jpg,day,sun,FALSE,TRUE,TRUE,4,FALSE,FALSE,2017-05-26T00:00:00Z
20170526091500.jpg,night,NA,NA,NA,NA,NA,NA,NA,2017-05-26T09:15:00Z
20170526142500.jpg,day,cloud,FALSE,TRUE,TRUE,4,FALSE,FALSE,2017-05-26T14:25:00Z
20170526201500.jpg,day,cloud,FALSE,TRUE,TRUE,5,FALSE,FALSE,2017-05-26T20:15:00Z
20170527105000.jpg,night,NA,NA,NA,NA,NA,NA,NA,2017-05-27T10:50:00Z
20170527200500.jpg,day,sun,FALSE,TRUE,TRUE,5,FALSE,FALSE,2017-05-27T20:05:00Z
20170528020000.jpg,day,sun,FALSE,TRUE,TRUE,4,FALSE,FALSE,2017-05-28T02:00:00Z
20170528060500.jpg,night,NA,NA,NA,NA,NA,NA,NA,2017-05-28T06:05:00Z
20170528062500.jpg,night,NA,NA,NA,NA,NA,NA,NA,2017-05-28T06:25:00Z
20170528155000.jpg,day,sun,FALSE,TRUE,TRUE,4,FALSE,FALSE,2017-05-28T15:50:00Z
20170528213000.jpg,day,sun,FALSE,TRUE,TRUE,3,FALSE,FALSE,2017-05-28T21:30:00Z
20170528225000.jpg,day,sun,FALSE,TRUE,TRUE,3,FALSE,FALSE,2017-05-28T22:50:00Z
20170528235000.jpg,day,sun,FALSE,TRUE,TRUE,3,FALSE,FALSE,2017-05-28T23:50:00Z
20170529040000.jpg,night,NA,NA,NA,NA,NA,NA,NA,2017-05-29T04:00:00Z
20170529081500.jpg,night,NA,NA,NA,NA,NA,NA,NA,2017-05-29T08:15:00Z
20170529101000.jpg,night,NA,NA,NA,NA,NA,NA,NA,2017-05-29T10:10:00Z
20170529132500.jpg,day,sun,FALSE,TRUE,TRUE,3,FALSE,FALSE,2017-05-29T13:25:00Z
20170529170000.jpg,day,sun,FALSE,TRUE,TRUE,3,FALSE,FALSE,2017-05-29T17:00:00Z
20170529224500.jpg,day,sun,FALSE,TRUE,TRUE,4,FALSE,FALSE,2017-05-29T22:45:00Z
20170530022500.jpg,day,sun,FALSE,TRUE,TRUE,4,FALSE,FALSE,2017-05-30T02:25:00Z
20170530111500.jpg,night,NA,NA,NA,NA,NA,NA,NA,2017-05-30T11:15:00Z
20170530112000.jpg,night,NA,NA,NA,NA,NA,NA,NA,2017-05-30T11:20:00Z
20170530153500.jpg,day,sun,FALSE,TRUE,TRUE,4,FALSE,FALSE,2017-05-30T15:35:00Z
20170531022000.jpg,day,sun,FALSE,TRUE,TRUE,4,FALSE,FALSE,2017-05-31T02:20:00Z
20170531044000.jpg,night,NA,NA,NA,NA,NA,NA,NA,2017-05-31T04:40:00Z
20170531200500.jpg,day,sun,FALSE,TRUE,TRUE,4,FALSE,FALSE,2017-05-31T20:05:00Z
20170531214000.jpg,day,sun,FALSE,TRUE,TRUE,3,FALSE,FALSE,2017-05-31T21:40:00Z
20170531222500.jpg,day,cloud,FALSE,TRUE,TRUE,3,FALSE,FALSE,2017-05-31T22:25:00Z
20170531225500.jpg,day,cloud,FALSE,TRUE,TRUE,3,FALSE,FALSE,2017-05-31T22:55:00Z
20170601031000.jpg,day,cloud,FALSE,TRUE,TRUE,3,FALSE,FALSE,2017-06-01T03:10:00Z
20170601082000.jpg,night,NA,NA,NA,NA,NA,NA,NA,2017-06-01T08:20:00Z
20170601083500.jpg,night,NA,NA,NA,NA,NA,NA,NA,2017-06-01T08:35:00Z
20170601170000.jpg,day,cloud,FALSE,TRUE,TRUE,3,FALSE,FALSE,2017-06-01T17:00:00Z
20170601202500.jpg,day,cloud,FALSE,TRUE,TRUE,3,FALSE,FALSE,2017-06-01T20:25:00Z
20170602003000.jpg,day,cloud,FALSE,TRUE,TRUE,3,FALSE,FALSE,2017-06-02T00:30:00Z
20170602014000.jpg,day,rain,FALSE,TRUE,TRUE,3,FALSE,FALSE,2017-06-02T01:40:00Z
20170602064500.jpg,night,NA,NA,NA,NA,NA,NA,NA,2017-06-02T06:45:00Z
20170602154500.jpg,day,sun,FALSE,TRUE,TRUE,3,FALSE,FALSE,2017-06-02T15:45:00Z
20170602190000.jpg,day,sun,FALSE,TRUE,TRUE,3,FALSE,FALSE,2017-06-02T19:00:00Z
20170602232000.jpg,day,sun,FALSE,TRUE,TRUE,3,FALSE,FALSE,2017-06-02T23:20:00Z
20170603003000.jpg,day,sun,FALSE,TRUE,TRUE,3,FALSE,FALSE,2017-06-03T00:30:00Z
20170603020500.jpg,day,sun,FALSE,TRUE,TRUE,3,FALSE,FALSE,2017-06-03T02:05:00Z
20170603121500.jpg,day,sun,FALSE,TRUE,TRUE,3,FALSE,FALSE,2017-06-03T12:15:00Z
20170603145000.jpg,day,sun,FALSE,TRUE,TRUE,3,FALSE,FALSE,2017-06-03T14:50:00Z
20170603180500.jpg,day,sun,FALSE,TRUE,TRUE,3,FALSE,FALSE,2017-06-03T18:05:00Z
20170603220000.jpg,day,sun,FALSE,TRUE,TRUE,2,FALSE,FALSE,2017-06-03T22:00:00Z
20170603223000.jpg,day,sun,FALSE,TRUE,TRUE,3,FALSE,FALSE,2017-06-03T22:30:00Z
20170603232000.jpg,day,cloud,FALSE,TRUE,TRUE,2,FALSE,FALSE,2017-06-03T23:20:00Z
20170604024500.jpg,day,cloud,FALSE,TRUE,TRUE,2,FALSE,FALSE,2017-06-04T02:45:00Z
20170604142500.jpg,day,sun,FALSE,TRUE,TRUE,3,FALSE,FALSE,2017-06-04T14:25:00Z
20170604175500.jpg,day,sun,FALSE,TRUE,TRUE,2,FALSE,FALSE,2017-06-04T17:55:00Z
20170604220500.jpg,day,sun,FALSE,TRUE,TRUE,2,FALSE,FALSE,2017-06-04T22:05:00Z
20170605023500.jpg,day,sun,FALSE,TRUE,TRUE,2,FALSE,FALSE,2017-06-05T02:35:00Z
20170605062500.jpg,night,NA,NA,NA,NA,NA,NA,NA,2017-06-05T06:25:00Z
20170605143000.jpg,day,sun,FALSE,TRUE,TRUE,2,FALSE,FALSE,2017-06-05T14:30:00Z
20170605154500.jpg,day,sun,FALSE,TRUE,TRUE,2,FALSE,FALSE,2017-06-05T15:45:00Z
20170605191000.jpg,day,sun,FALSE,TRUE,TRUE,2,FALSE,FALSE,2017-06-05T19:10:00Z
20170605205500.jpg,day,sun,FALSE,TRUE,TRUE,2,FALSE,FALSE,2017-06-05T20:55:00Z
20170606095000.jpg,night,NA,NA,NA,NA,NA,NA,NA,2017-06-06T09:50:00Z
20170606154000.jpg,day,sun,FALSE,TRUE,TRUE,2,FALSE,FALSE,2017-06-06T15:40:00Z
20170606182000.jpg,day,sun,FALSE,TRUE,TRUE,2,FALSE,FALSE,2017-06-06T18:20:00Z
20170607054000.jpg,night,NA,NA,NA,NA,NA,NA,NA,2017-06-07T05:40:00Z
20170607072500.jpg,night,NA,NA,NA,NA,NA,NA,NA,2017-06-07T07:25:00Z
20170607193500.jpg,day,sun,FALSE,TRUE,TRUE,2,FALSE,FALSE,2017-06-07T19:35:00Z
20170607205000.jpg,day,sun,FALSE,TRUE,TRUE,2,FALSE,FALSE,2017-06-07T20:50:00Z
20170607205500.jpg,day,sun,FALSE,TRUE,TRUE,1,FALSE,FALSE,2017-06-07T20:55:00Z
20170608005000.jpg,day,sun,FALSE,TRUE,TRUE,1,FALSE,FALSE,2017-06-08T00:50:00Z
20170608021000.jpg,day,sun,FALSE,TRUE,TRUE,1,FALSE,FALSE,2017-06-08T02:10:00Z
20170608084500.jpg,night,NA,NA,NA,NA,NA,NA,NA,2017-06-08T08:45:00Z
20170608092500.jpg,night,NA,NA,NA,NA,NA,NA,NA,2017-06-08T09:25:00Z
20170609042000.jpg,night,NA,NA,NA,NA,NA,NA,NA,2017-06-09T04:20:00Z
20170609083500.jpg,night,NA,NA,NA,NA,NA,NA,NA,2017-06-09T08:35:00Z
20170609111500.jpg,night,NA,NA,NA,NA,NA,NA,NA,2017-06-09T11:15:00Z
20170609141500.jpg,day,sun,FALSE,TRUE,TRUE,1,FALSE,FALSE,2017-06-09T14:15:00Z
20170609175500.jpg,day,sun,FALSE,TRUE,TRUE,1,FALSE,FALSE,2017-06-09T17:55:00Z
20170609181000.jpg,day,sun,FALSE,TRUE,TRUE,1,FALSE,FALSE,2017-06-09T18:10:00Z
20170609211000.jpg,day,sun,FALSE,TRUE,TRUE,1,FALSE,FALSE,2017-06-09T21:10:00Z
20170610061500.jpg,night,NA,NA,NA,NA,NA,NA,NA,2017-06-10T06:15:00Z
20170610065500.jpg,night,NA,NA,NA,NA,NA,NA,NA,2017-06-10T06:55:00Z
20170610124000.jpg,day,sun,FALSE,TRUE,TRUE,1,FALSE,FALSE,2017-06-10T12:40:00Z
20170610174500.jpg,day,sun,FALSE,TRUE,TRUE,1,FALSE,FALSE,2017-06-10T17:45:00Z
20170610175500.jpg,day,sun,FALSE,TRUE,TRUE,1,FALSE,FALSE,2017-06-10T17:55:00Z
20170610185000.jpg,day,sun,FALSE,TRUE,TRUE,1,FALSE,FALSE,2017-06-10T18:50:00Z
20170610194500.jpg,day,sun,FALSE,TRUE,TRUE,1,FALSE,FALSE,2017-06-10T19:45:00Z
20170610210000.jpg,day,sun,FALSE,TRUE,TRUE,1,FALSE,FALSE,2017-06-10T21:00:00Z
20170611044500.jpg,night,NA,NA,NA,NA,NA,NA,NA,2017-06-11T04:45:00Z
20170611095000.jpg,night,NA,NA,NA,NA,NA,NA,NA,2017-06-11T09:50:00Z
20170611145000.jpg,day,sun,FALSE,TRUE,TRUE,1,FALSE,FALSE,2017-06-11T14:50:00Z
20170611163000.jpg,day,sun,FALSE,TRUE,TRUE,1,FALSE,FALSE,2017-06-11T16:30:00Z
20170612001500.jpg,day,sun,FALSE,TRUE,TRUE,1,FALSE,FALSE,2017-06-12T00:15:00Z
20170612005500.jpg,day,sun,FALSE,TRUE,TRUE,1,FALSE,FALSE,2017-06-12T00:55:00Z
20170612035000.jpg,night,NA,NA,NA,NA,NA,NA,NA,2017-06-12T03:50:00Z
20170612081000.jpg,night,NA,NA,NA,NA,NA,NA,NA,2017-06-12T08:10:00Z
20170612164000.jpg,day,cloud,FALSE,TRUE,TRUE,1,FALSE,FALSE,2017-06-12T16:40:00Z
20170612190000.jpg,day,cloud,FALSE,TRUE,TRUE,1,FALSE,FALSE,2017-06-12T19:00:00Z
20170612205500.jpg,day,sun,FALSE,TRUE,TRUE,1,FALSE,FALSE,2017-06-12T20:55:00Z
20170612232000.jpg,day,cloud,FALSE,TRUE,TRUE,1,FALSE,FALSE,2017-06-12T23:20:00Z
20170613062500.jpg,night,NA,NA,NA,NA,NA,NA,NA,2017-06-13T06:25:00Z
20170613123000.jpg,day,rain,FALSE,TRUE,TRUE,1,FALSE,FALSE,2017-06-13T12:30:00Z
20170613190500.jpg,day,cloud,FALSE,TRUE,TRUE,1,FALSE,FALSE,2017-06-13T19:05:00Z
20170613235000.jpg,day,sun,FALSE,TRUE,TRUE,1,FALSE,FALSE,2017-06-13T23:50:00Z
20170614005500.jpg,day,sun,FALSE,TRUE,TRUE,1,FALSE,FALSE,2017-06-14T00:55:00Z
20170614031500.jpg,day,sun,FALSE,TRUE,TRUE,1,FALSE,FALSE,2017-06-14T03:15:00Z
20170614035500.jpg,night,NA,NA,NA,NA,NA,NA,NA,2017-06-14T03:55:00Z
20170614163000.jpg,day,sun,FALSE,TRUE,TRUE,1,FALSE,FALSE,2017-06-14T16:30:00Z
20170615055500.jpg,night,NA,NA,NA,NA,NA,NA,NA,2017-06-15T05:55:00Z
20170615175000.jpg,day,sun,FALSE,TRUE,TRUE,1,FALSE,FALSE,2017-06-15T17:50:00Z
20170615222500.jpg,day,sun,FALSE,TRUE,TRUE,1,FALSE,FALSE,2017-06-15T22:25:00Z
20170616130500.jpg,day,sun,FALSE,TRUE,TRUE,1,FALSE,FALSE,2017-06-16T13:05:00Z
20170616164000.jpg,day,sun,FALSE,TRUE,TRUE,1,FALSE,FALSE,2017-06-16T16:40:00Z
20170616180500.jpg,day,sun,FALSE,FALSE,FALSE,NA,FALSE,FALSE,2017-06-16T18:05:00Z
20170616183000.jpg,day,sun,FALSE,FALSE,FALSE,NA,FALSE,FALSE,2017-06-16T18:30:00Z
20170616183500.jpg,day,sun,FALSE,FALSE,FALSE,NA,FALSE,FALSE,2017-06-16T18:35:00Z
20170617010000.jpg,day,sun,FALSE,FALSE,FALSE,NA,FALSE,FALSE,2017-06-17T01:00:00Z
20170617034500.jpg,night,NA,NA,NA,NA,NA,NA,NA,2017-06-17T03:45:00Z
20170617064000.jpg,night,NA,NA,NA,NA,NA,NA,NA,2017-06-17T06:40:00Z
20170617084000.jpg,night,NA,NA,NA,NA,NA,NA,NA,2017-06-17T08:40:00Z
20170617100500.jpg,night,NA,NA,NA,NA,NA,NA,NA,2017-06-17T10:05:00Z
20170617123500.jpg,day,cloud,FALSE,FALSE,FALSE,NA,FALSE,FALSE,2017-06-17T12:35:00Z
20170617175000.jpg,day,sun,FALSE,FALSE,FALSE,NA,FALSE,FALSE,2017-06-17T17:50:00Z
20170617230500.jpg,day,sun,FALSE,FALSE,FALSE,NA,FALSE,FALSE,2017-06-17T23:05:00Z
20170617231000.jpg,day,sun,FALSE,FALSE,FALSE,NA,FALSE,FALSE,2017-06-17T23:10:00Z
20170618035000.jpg,night,NA,NA,NA,NA,NA,NA,NA,2017-06-18T03:50:00Z
20170618054500.jpg,night,NA,NA,NA,NA,NA,NA,NA,2017-06-18T05:45:00Z
20170618175000.jpg,day,sun,FALSE,FALSE,FALSE,NA,FALSE,FALSE,2017-06-18T17:50:00Z
20170618192500.jpg,day,sun,FALSE,FALSE,FALSE,NA,FALSE,FALSE,2017-06-18T19:25:00Z
20170618220500.jpg,day,sun,FALSE,FALSE,FALSE,NA,FALSE,FALSE,2017-06-18T22:05:00Z
20170619010500.jpg,day,sun,FALSE,FALSE,FALSE,NA,FALSE,FALSE,2017-06-19T01:05:00Z
20170619053500.jpg,night,NA,NA,NA,NA,NA,NA,NA,2017-06-19T05:35:00Z
20170619085000.jpg,night,NA,NA,NA,NA,NA,NA,NA,2017-06-19T08:50:00Z
20170619105500.jpg,night,NA,NA,NA,NA,NA,NA,NA,2017-06-19T10:55:00Z
20170619113000.jpg,day,sun,FALSE,TRUE,TRUE,2,FALSE,FALSE,2017-06-19T11:30:00Z
20170619133000.jpg,day,sun,FALSE,TRUE,TRUE,2,FALSE,FALSE,2017-06-19T13:30:00Z
20170619233500.jpg,day,sun,FALSE,FALSE,FALSE,NA,FALSE,FALSE,2017-06-19T23:35:00Z
20170620043500.jpg,night,NA,NA,NA,NA,NA,NA,NA,2017-06-20T04:35:00Z
20170620075500.jpg,night,NA,NA,NA,NA,NA,NA,NA,2017-06-20T07:55:00Z
20170620093500.jpg,night,NA,NA,NA,NA,NA,NA,NA,2017-06-20T09:35:00Z
20170621073000.jpg,night,NA,NA,NA,NA,NA,NA,NA,2017-06-21T07:30:00Z
20170621075000.jpg,night,NA,NA,NA,NA,NA,NA,NA,2017-06-21T07:50:00Z
20170621114000.jpg,day,sun,FALSE,FALSE,FALSE,NA,FALSE,FALSE,2017-06-21T11:40:00Z
20170621184000.jpg,day,sun,FALSE,FALSE,FALSE,NA,FALSE,FALSE,2017-06-21T18:40:00Z
20170622025500.jpg,day,cloud,FALSE,FALSE,FALSE,NA,FALSE,TRUE,2017-06-22T02:55:00Z
20170622042000.jpg,night,NA,NA,NA,NA,NA,NA,NA,2017-06-22T04:20:00Z
20170622093500.jpg,night,NA,NA,NA,NA,NA,NA,NA,2017-06-22T09:35:00Z
20170622192000.jpg,day,sun,FALSE,FALSE,FALSE,NA,FALSE,FALSE,2017-06-22T19:20:00Z
20170622205500.jpg,day,sun,FALSE,FALSE,FALSE,NA,TRUE,FALSE,2017-06-22T20:55:00Z
20170623035500.jpg,night,NA,NA,NA,NA,NA,NA,NA,2017-06-23T03:55:00Z
20170623092500.jpg,night,NA,NA,NA,NA,NA,NA,NA,2017-06-23T09:25:00Z
20170623200000.jpg,day,sun,FALSE,FALSE,FALSE,NA,FALSE,FALSE,2017-06-23T20:00:00Z
20170624024500.jpg,day,sun,FALSE,TRUE,TRUE,1,FALSE,FALSE,2017-06-24T02:45:00Z
20170624052500.jpg,night,NA,NA,NA,NA,NA,NA,NA,2017-06-24T05:25:00Z
20170624053000.jpg,night,NA,NA,NA,NA,NA,NA,NA,2017-06-24T05:30:00Z
20170624112500.jpg,night,NA,NA,NA,NA,NA,NA,NA,2017-06-24T11:25:00Z
20170624162500.jpg,day,sun,FALSE,TRUE,TRUE,1,FALSE,FALSE,2017-06-24T16:25:00Z
20170624170000.jpg,day,sun,FALSE,TRUE,TRUE,1,FALSE,FALSE,2017-06-24T17:00:00Z
20170624171000.jpg,day,sun,FALSE,TRUE,TRUE,1,FALSE,FALSE,2017-06-24T17:10:00Z
20170624192000.jpg,day,sun,FALSE,TRUE,TRUE,1,FALSE,FALSE,2017-06-24T19:20:00Z
20170624223500.jpg,day,sun,FALSE,TRUE,TRUE,1,FALSE,FALSE,2017-06-24T22:35:00Z
20170625091000.jpg,night,NA,NA,NA,NA,NA,NA,NA,2017-06-25T09:10:00Z
20170625104000.jpg,night,NA,NA,NA,NA,NA,NA,NA,2017-06-25T10:40:00Z
20170625174500.jpg,day,sun,FALSE,TRUE,TRUE,1,FALSE,FALSE,2017-06-25T17:45:00Z
20170626090500.jpg,night,NA,NA,NA,NA,NA,NA,NA,2017-06-26T09:05:00Z
20170627123500.jpg,day,cloud,FALSE,TRUE,TRUE,1,FALSE,FALSE,2017-06-27T12:35:00Z
20170627184000.jpg,day,sun,FALSE,TRUE,TRUE,1,FALSE,FALSE,2017-06-27T18:40:00Z
20170628123500.jpg,day,sun,FALSE,TRUE,TRUE,1,FALSE,FALSE,2017-06-28T12:35:00Z
20170628232000.jpg,day,sun,FALSE,TRUE,TRUE,1,FALSE,FALSE,2017-06-28T23:20:00Z
20170628234500.jpg,day,sun,FALSE,TRUE,TRUE,1,FALSE,FALSE,2017-06-28T23:45:00Z
20170629035000.jpg,night,NA,NA,NA,NA,NA,NA,NA,2017-06-29T03:50:00Z
20170629055000.jpg,night,NA,NA,NA,NA,NA,NA,NA,2017-06-29T05:50:00Z
20170629113000.jpg,night,NA,NA,NA,NA,NA,NA,NA,2017-06-29T11:30:00Z
20170629140000.jpg,day,sun,FALSE,TRUE,TRUE,1,FALSE,FALSE,2017-06-29T14:00:00Z
20170630054500.jpg,night,NA,NA,NA,NA,NA,NA,NA,2017-06-30T05:45:00Z
20170630145500.jpg,day,sun,FALSE,TRUE,TRUE,1,FALSE,FALSE,2017-06-30T14:55:00Z
20170630181000.jpg,day,sun,FALSE,TRUE,TRUE,1,FALSE,FALSE,2017-06-30T18:10:00Z
20170630183500.jpg,day,sun,FALSE,TRUE,TRUE,2,FALSE,FALSE,2017-06-30T18:35:00Z
20170701033000.jpg,day,sun,FALSE,TRUE,TRUE,3,FALSE,FALSE,2017-07-01T03:30:00Z
20170701050000.jpg,night,NA,NA,NA,NA,NA,NA,NA,2017-07-01T05:00:00Z
20170701065500.jpg,night,NA,NA,NA,NA,NA,NA,NA,2017-07-01T06:55:00Z
20170701111000.jpg,night,NA,NA,NA,NA,NA,NA,NA,2017-07-01T11:10:00Z
20170701141500.jpg,day,sun,FALSE,TRUE,TRUE,2,FALSE,FALSE,2017-07-01T14:15:00Z
20170701192000.jpg,day,sun,FALSE,TRUE,TRUE,1,FALSE,FALSE,2017-07-01T19:20:00Z
20170701212000.jpg,day,sun,FALSE,TRUE,TRUE,1,FALSE,FALSE,2017-07-01T21:20:00Z
20170702093000.jpg,night,NA,NA,NA,NA,NA,NA,NA,2017-07-02T09:30:00Z
20170702111500.jpg,night,NA,NA,NA,NA,NA,NA,NA,2017-07-02T11:15:00Z
20170702120000.jpg,day,sun,FALSE,TRUE,TRUE,2,FALSE,FALSE,2017-07-02T12:00:00Z
20170702173000.jpg,day,sun,FALSE,TRUE,TRUE,2,FALSE,FALSE,2017-07-02T17:30:00Z
20170703033500.jpg,day,sun,FALSE,TRUE,TRUE,2,FALSE,FALSE,2017-07-03T03:35:00Z
20170703052000.jpg,night,NA,NA,NA,NA,NA,NA,NA,2017-07-03T05:20:00Z
20170703083500.jpg,night,NA,NA,NA,NA,NA,NA,NA,2017-07-03T08:35:00Z
20170703180500.jpg,day,sun,FALSE,TRUE,TRUE,1,FALSE,FALSE,2017-07-03T18:05:00Z
20170703192500.jpg,day,sun,FALSE,TRUE,TRUE,1,FALSE,FALSE,2017-07-03T19:25:00Z
20170704010000.jpg,day,sun,FALSE,TRUE,TRUE,1,FALSE,FALSE,2017-07-04T01:00:00Z
20170704084500.jpg,night,NA,NA,NA,NA,NA,NA,NA,2017-07-04T08:45:00Z
20170704090500.jpg,night,NA,NA,NA,NA,NA,NA,NA,2017-07-04T09:05:00Z
20170704212500.jpg,day,sun,FALSE,TRUE,TRUE,1,FALSE,FALSE,2017-07-04T21:25:00Z
20170704232500.jpg,day,sun,FALSE,TRUE,TRUE,1,FALSE,FALSE,2017-07-04T23:25:00Z
20170705034000.jpg,night,NA,NA,NA,NA,NA,NA,NA,2017-07-05T03:40:00Z
20170705162500.jpg,day,sun,FALSE,TRUE,TRUE,1,FALSE,FALSE,2017-07-05T16:25:00Z
20170705174500.jpg,day,sun,FALSE,TRUE,TRUE,1,FALSE,FALSE,2017-07-05T17:45:00Z
20170705223500.jpg,day,sun,FALSE,TRUE,TRUE,1,FALSE,FALSE,2017-07-05T22:35:00Z
20170706022000.jpg,day,sun,FALSE,TRUE,TRUE,1,TRUE,FALSE,2017-07-06T02:20:00Z
20170706060500.jpg,night,NA,NA,NA,NA,NA,NA,NA,2017-07-06T06:05:00Z
20170706080000.jpg,night,NA,NA,NA,NA,NA,NA,NA,2017-07-06T08:00:00Z
20170706091000.jpg,night,NA,NA,NA,NA,NA,NA,NA,2017-07-06T09:10:00Z
20170707041000.jpg,night,NA,NA,NA,NA,NA,NA,NA,2017-07-07T04:10:00Z
20170707084000.jpg,night,NA,NA,NA,NA,NA,NA,NA,2017-07-07T08:40:00Z
20170707115000.jpg,day,sun,FALSE,TRUE,TRUE,2,FALSE,FALSE,2017-07-07T11:50:00Z
20170707184500.jpg,day,sun,FALSE,TRUE,TRUE,2,FALSE,FALSE,2017-07-07T18:45:00Z
20170708000000.jpg,day,sun,FALSE,TRUE,TRUE,2,FALSE,FALSE,2017-07-08T00:00:00Z
20170708072500.jpg,night,NA,NA,NA,NA,NA,NA,NA,2017-07-08T07:25:00Z
20170708081000.jpg,night,NA,NA,NA,NA,NA,NA,NA,2017-07-08T08:10:00Z
20170708132500.jpg,day,sun,FALSE,TRUE,TRUE,2,FALSE,FALSE,2017-07-08T13:25:00Z
20170708164000.jpg,day,sun,FALSE,TRUE,TRUE,1,FALSE,FALSE,2017-07-08T16:40:00Z
20170708195500.jpg,day,sun,FALSE,TRUE,TRUE,1,FALSE,FALSE,2017-07-08T19:55:00Z
20170709145500.jpg,day,sun,FALSE,TRUE,TRUE,1,FALSE,FALSE,2017-07-09T14:55:00Z
20170709151500.jpg,day,sun,FALSE,TRUE,TRUE,1,FALSE,FALSE,2017-07-09T15:15:00Z
20170709164500.jpg,day,sun,FALSE,TRUE,TRUE,1,FALSE,FALSE,2017-07-09T16:45:00Z
20170710030500.jpg,day,cloud,FALSE,TRUE,TRUE,1,FALSE,FALSE,2017-07-10T03:05:00Z
20170710032500.jpg,day,cloud,FALSE,TRUE,TRUE,1,FALSE,FALSE,2017-07-10T03:25:00Z
20170710035500.jpg,night,NA,NA,NA,NA,NA,NA,NA,2017-07-10T03:55:00Z
20170710081500.jpg,night,NA,NA,NA,NA,NA,NA,NA,2017-07-10T08:15:00Z
20170710093500.jpg,night,NA,NA,NA,NA,NA,NA,NA,2017-07-10T09:35:00Z
20170710143000.jpg,day,sun,FALSE,TRUE,TRUE,2,FALSE,FALSE,2017-07-10T14:30:00Z
20170711015500.jpg,day,sun,FALSE,TRUE,TRUE,2,FALSE,FALSE,2017-07-11T01:55:00Z
20170711023000.jpg,day,sun,FALSE,TRUE,TRUE,2,FALSE,FALSE,2017-07-11T02:30:00Z
20170711033000.jpg,day,sun,FALSE,TRUE,TRUE,3,FALSE,FALSE,2017-07-11T03:30:00Z
20170711122500.jpg,day,sun,FALSE,TRUE,TRUE,3,TRUE,FALSE,2017-07-11T12:25:00Z
20170711143500.jpg,day,sun,FALSE,TRUE,TRUE,3,FALSE,FALSE,2017-07-11T14:35:00Z
20170711152000.jpg,day,sun,FALSE,TRUE,TRUE,2,FALSE,FALSE,2017-07-11T15:20:00Z
20170711154000.jpg,day,sun,FALSE,TRUE,TRUE,1,FALSE,FALSE,2017-07-11T15:40:00Z
20170711154500.jpg,day,sun,FALSE,TRUE,TRUE,1,FALSE,FALSE,2017-07-11T15:45:00Z
20170711160500.jpg,day,sun,FALSE,TRUE,TRUE,1,FALSE,FALSE,2017-07-11T16:05:00Z
20170711161000.jpg,day,sun,FALSE,TRUE,TRUE,1,FALSE,FALSE,2017-07-11T16:10:00Z
20170711191500.jpg,day,sun,FALSE,TRUE,TRUE,1,FALSE,FALSE,2017-07-11T19:15:00Z
20170711202000.jpg,day,sun,FALSE,TRUE,TRUE,1,FALSE,FALSE,2017-07-11T20:20:00Z
20170712004000.jpg,day,sun,FALSE,TRUE,TRUE,1,FALSE,FALSE,2017-07-12T00:40:00Z
20170712092000.jpg,night,NA,NA,NA,NA,NA,NA,NA,2017-07-12T09:20:00Z
20170712171500.jpg,day,sun,FALSE,TRUE,TRUE,1,FALSE,FALSE,2017-07-12T17:15:00Z
20170712193500.jpg,day,sun,FALSE,TRUE,TRUE,1,FALSE,FALSE,2017-07-12T19:35:00Z
20170713015500.jpg,day,sun,FALSE,TRUE,TRUE,2,FALSE,FALSE,2017-07-13T01:55:00Z
20170713075500.jpg,night,NA,NA,NA,NA,NA,NA,NA,2017-07-13T07:55:00Z
20170713114500.jpg,day,sun,FALSE,TRUE,TRUE,2,FALSE,FALSE,2017-07-13T11:45:00Z
20170713125500.jpg,day,sun,FALSE,TRUE,TRUE,2,FALSE,FALSE,2017-07-13T12:55:00Z
20170713130500.jpg,day,sun,FALSE,TRUE,TRUE,2,FALSE,FALSE,2017-07-13T13:05:00Z
20170713211500.jpg,day,sun,FALSE,TRUE,TRUE,2,FALSE,FALSE,2017-07-13T21:15:00Z
20170714013500.jpg,day,sun,FALSE,TRUE,TRUE,2,FALSE,FALSE,2017-07-14T01:35:00Z
20170714081000.jpg,night,NA,NA,NA,NA,NA,NA,NA,2017-07-14T08:10:00Z
20170714121000.jpg,day,sun,FALSE,TRUE,TRUE,2,FALSE,FALSE,2017-07-14T12:10:00Z
20170714141500.jpg,day,sun,FALSE,TRUE,TRUE,2,FALSE,FALSE,2017-07-14T14:15:00Z
20170714142500.jpg,day,sun,FALSE,TRUE,TRUE,2,FALSE,FALSE,2017-07-14T14:25:00Z
20170715130000.jpg,day,sun,FALSE,TRUE,TRUE,2,FALSE,FALSE,2017-07-15T13:00:00Z
20170715151000.jpg,day,sun,FALSE,TRUE,TRUE,2,FALSE,FALSE,2017-07-15T15:10:00Z
20170715151500.jpg,day,sun,FALSE,TRUE,TRUE,1,FALSE,FALSE,2017-07-15T15:15:00Z
20170715232000.jpg,day,sun,FALSE,TRUE,TRUE,1,FALSE,FALSE,2017-07-15T23:20:00Z
20170715235500.jpg,day,sun,FALSE,TRUE,TRUE,1,FALSE,FALSE,2017-07-15T23:55:00Z
20170716083000.jpg,night,NA,NA,NA,NA,NA,NA,NA,2017-07-16T08:30:00Z
20170716101000.jpg,night,NA,NA,NA,NA,NA,NA,NA,2017-07-16T10:10:00Z
20170716135000.jpg,day,sun,FALSE,TRUE,TRUE,1,FALSE,FALSE,2017-07-16T13:50:00Z
20170716222500.jpg,day,sun,FALSE,TRUE,TRUE,1,FALSE,FALSE,2017-07-16T22:25:00Z
20170716232000.jpg,day,sun,FALSE,TRUE,TRUE,1,FALSE,FALSE,2017-07-16T23:20:00Z
20170717002500.jpg,day,sun,FALSE,TRUE,TRUE,1,FALSE,FALSE,2017-07-17T00:25:00Z
20170717024000.jpg,day,sun,FALSE,TRUE,TRUE,1,FALSE,FALSE,2017-07-17T02:40:00Z
20170717062000.jpg,night,NA,NA,NA,NA,NA,NA,NA,2017-07-17T06:20:00Z
20170717064500.jpg,night,NA,NA,NA,NA,NA,NA,NA,2017-07-17T06:45:00Z
20170717124500.jpg,day,sun,FALSE,TRUE,TRUE,1,FALSE,FALSE,2017-07-17T12:45:00Z
20170717183000.jpg,day,cloud,FALSE,TRUE,TRUE,1,FALSE,FALSE,2017-07-17T18:30:00Z
20170718003500.jpg,day,cloud,FALSE,TRUE,TRUE,1,FALSE,FALSE,2017-07-18T00:35:00Z
20170718115000.jpg,day,sun,FALSE,TRUE,TRUE,1,FALSE,FALSE,2017-07-18T11:50:00Z
20170718122000.jpg,day,sun,FALSE,TRUE,TRUE,1,FALSE,FALSE,2017-07-18T12:20:00Z
20170718170000.jpg,day,sun,FALSE,TRUE,TRUE,1,FALSE,FALSE,2017-07-18T17:00:00Z
20170718210000.jpg,day,sun,FALSE,TRUE,TRUE,1,FALSE,FALSE,2017-07-18T21:00:00Z
20170719032500.jpg,day,cloud,FALSE,TRUE,TRUE,1,FALSE,FALSE,2017-07-19T03:25:00Z
20170719132000.jpg,day,cloud,FALSE,TRUE,TRUE,1,FALSE,FALSE,2017-07-19T13:20:00Z
20170719142000.jpg,day,cloud,FALSE,TRUE,TRUE,1,FALSE,FALSE,2017-07-19T14:20:00Z
20170719155000.jpg,day,cloud,FALSE,TRUE,TRUE,1,FALSE,FALSE,2017-07-19T15:50:00Z
20170719190000.jpg,day,cloud,FALSE,TRUE,TRUE,1,FALSE,FALSE,2017-07-19T19:00:00Z
20170719194000.jpg,day,cloud,FALSE,TRUE,TRUE,1,FALSE,FALSE,2017-07-19T19:40:00Z
20170719213500.jpg,day,cloud,FALSE,TRUE,TRUE,1,FALSE,FALSE,2017-07-19T21:35:00Z
20170719224000.jpg,day,cloud,FALSE,TRUE,TRUE,1,FALSE,FALSE,2017-07-19T22:40:00Z
20170720020500.jpg,day,cloud,FALSE,TRUE,TRUE,1,FALSE,FALSE,2017-07-20T02:05:00Z
20170720032000.jpg,day,cloud,FALSE,TRUE,TRUE,1,FALSE,FALSE,2017-07-20T03:20:00Z
20170720065500.jpg,night,NA,NA,NA,NA,NA,NA,NA,2017-07-20T06:55:00Z
20170720095500.jpg,night,NA,NA,NA,NA,NA,NA,NA,2017-07-20T09:55:00Z
20170720111500.jpg,night,NA,NA,NA,NA,NA,NA,NA,2017-07-20T11:15:00Z
20170720225000.jpg,day,sun,FALSE,TRUE,TRUE,1,FALSE,FALSE,2017-07-20T22:50:00Z
20170721032500.jpg,day,sun,FALSE,TRUE,TRUE,1,FALSE,FALSE,2017-07-21T03:25:00Z
20170721103500.jpg,night,NA,NA,NA,NA,NA,NA,NA,2017-07-21T10:35:00Z
20170722021500.jpg,day,sun,FALSE,TRUE,TRUE,1,FALSE,FALSE,2017-07-22T02:15:00Z
20170722032000.jpg,day,sun,FALSE,TRUE,TRUE,2,FALSE,FALSE,2017-07-22T03:20:00Z
20170722040500.jpg,night,NA,NA,NA,NA,NA,NA,NA,2017-07-22T04:05:00Z
20170722055500.jpg,night,NA,NA,NA,NA,NA,NA,NA,2017-07-22T05:55:00Z
20170722084000.jpg,night,NA,NA,NA,NA,NA,NA,NA,2017-07-22T08:40:00Z
20170722100500.jpg,night,NA,NA,NA,NA,NA,NA,NA,2017-07-22T10:05:00Z
20170722143500.jpg,day,sun,FALSE,TRUE,TRUE,2,FALSE,FALSE,2017-07-22T14:35:00Z
20170723014500.jpg,day,sun,FALSE,TRUE,TRUE,2,FALSE,FALSE,2017-07-23T01:45:00Z
20170724150500.jpg,day,cloud,FALSE,TRUE,TRUE,1,FALSE,FALSE,2017-07-24T15:05:00Z
20170725041000.jpg,night,NA,NA,NA,NA,NA,NA,NA,2017-07-25T04:10:00Z
20170725051000.jpg,night,NA,NA,NA,NA,NA,NA,NA,2017-07-25T05:10:00Z
20170725062500.jpg,night,NA,NA,NA,NA,NA,NA,NA,2017-07-25T06:25:00Z
20170725083000.jpg,night,NA,NA,NA,NA,NA,NA,NA,2017-07-25T08:30:00Z
20170725124500.jpg,day,sun,FALSE,TRUE,TRUE,3,FALSE,FALSE,2017-07-25T12:45:00Z
20170725143000.jpg,day,sun,FALSE,TRUE,TRUE,3,FALSE,FALSE,2017-07-25T14:30:00Z
20170725215000.jpg,day,cloud,FALSE,TRUE,TRUE,2,FALSE,FALSE,2017-07-25T21:50:00Z
20170725232000.jpg,day,cloud,FALSE,TRUE,TRUE,1,FALSE,FALSE,2017-07-25T23:20:00Z
20170725233500.jpg,day,cloud,FALSE,TRUE,TRUE,1,FALSE,FALSE,2017-07-25T23:35:00Z
20170726012500.jpg,day,sun,FALSE,TRUE,TRUE,1,FALSE,FALSE,2017-07-26T01:25:00Z
20170726022000.jpg,day,sun,FALSE,TRUE,TRUE,2,FALSE,FALSE,2017-07-26T02:20:00Z
20170726030500.jpg,day,sun,FALSE,TRUE,TRUE,3,FALSE,FALSE,2017-07-26T03:05:00Z
20170726071000.jpg,night,NA,NA,NA,NA,NA,NA,NA,2017-07-26T07:10:00Z
20170726074500.jpg,night,NA,NA,NA,NA,NA,NA,NA,2017-07-26T07:45:00Z
20170726122500.jpg,day,sun,FALSE,TRUE,TRUE,2,FALSE,FALSE,2017-07-26T12:25:00Z
20170726160500.jpg,day,sun,FALSE,TRUE,TRUE,2,FALSE,FALSE,2017-07-26T16:05:00Z
20170726184000.jpg,day,sun,FALSE,TRUE,TRUE,1,FALSE,FALSE,2017-07-26T18:40:00Z
20170727033000.jpg,night,NA,NA,NA,NA,NA,NA,NA,2017-07-27T03:30:00Z
20170727040500.jpg,night,NA,NA,NA,NA,NA,NA,NA,2017-07-27T04:05:00Z
20170727134000.jpg,day,sun,FALSE,TRUE,TRUE,1,FALSE,FALSE,2017-07-27T13:40:00Z
20170727153500.jpg,day,sun,FALSE,TRUE,TRUE,1,FALSE,FALSE,2017-07-27T15:35:00Z
20170727173000.jpg,day,sun,FALSE,FALSE,FALSE,NA,FALSE,FALSE,2017-07-27T17:30:00Z
20170727182500.jpg,day,sun,FALSE,FALSE,FALSE,NA,FALSE,FALSE,2017-07-27T18:25:00Z
20170728030000.jpg,day,sun,FALSE,FALSE,FALSE,NA,FALSE,FALSE,2017-07-28T03:00:00Z
20170728040500.jpg,night,NA,NA,NA,NA,NA,NA,NA,2017-07-28T04:05:00Z
20170728094000.jpg,night,NA,NA,NA,NA,NA,NA,NA,2017-07-28T09:40:00Z
20170728113500.jpg,night,NA,NA,NA,NA,NA,NA,NA,2017-07-28T11:35:00Z
20170728141000.jpg,day,sun,FALSE,FALSE,FALSE,NA,FALSE,FALSE,2017-07-28T14:10:00Z
20170729054500.jpg,night,NA,NA,NA,NA,NA,NA,NA,2017-07-29T05:45:00Z
20170729093000.jpg,night,NA,NA,NA,NA,NA,NA,NA,2017-07-29T09:30:00Z
20170729095500.jpg,night,NA,NA,NA,NA,NA,NA,NA,2017-07-29T09:55:00Z
20170729105500.jpg,night,NA,NA,NA,NA,NA,NA,NA,2017-07-29T10:55:00Z
20170729122000.jpg,day,sun,FALSE,FALSE,FALSE,NA,FALSE,FALSE,2017-07-29T12:20:00Z
20170729234000.jpg,day,sun,FALSE,FALSE,FALSE,NA,FALSE,FALSE,2017-07-29T23:40:00Z
20170730033000.jpg,night,NA,NA,NA,NA,NA,NA,NA,2017-07-30T03:30:00Z
20170730083500.jpg,night,NA,NA,NA,NA,NA,NA,NA,2017-07-30T08:35:00Z
20170730113000.jpg,night,NA,NA,NA,NA,NA,NA,NA,2017-07-30T11:30:00Z
20170730145000.jpg,day,sun,FALSE,FALSE,FALSE,NA,FALSE,FALSE,2017-07-30T14:50:00Z
20170730175500.jpg,day,sun,FALSE,FALSE,FALSE,NA,FALSE,FALSE,2017-07-30T17:55:00Z
20170731033000.jpg,night,NA,NA,NA,NA,NA,NA,NA,2017-07-31T03:30:00Z
20170731054500.jpg,night,NA,NA,NA,NA,NA,NA,NA,2017-07-31T05:45:00Z
20170801011000.jpg,day,sun,FALSE,FALSE,FALSE,NA,FALSE,FALSE,2017-08-01T01:10:00Z
20170801144500.jpg,day,sun,FALSE,FALSE,FALSE,NA,FALSE,FALSE,2017-08-01T14:45:00Z
20170801150500.jpg,day,sun,FALSE,FALSE,FALSE,NA,FALSE,FALSE,2017-08-01T15:05:00Z
20170801190500.jpg,day,sun,FALSE,FALSE,FALSE,NA,FALSE,FALSE,2017-08-01T19:05:00Z
20170802090000.jpg,night,NA,NA,NA,NA,NA,NA,NA,2017-08-02T09:00:00Z
20170802145000.jpg,day,cloud,FALSE,FALSE,FALSE,NA,FALSE,FALSE,2017-08-02T14:50:00Z
20170802160500.jpg,day,cloud,FALSE,FALSE,FALSE,NA,FALSE,FALSE,2017-08-02T16:05:00Z
20170802193500.jpg,day,cloud,FALSE,FALSE,FALSE,NA,FALSE,FALSE,2017-08-02T19:35:00Z
20170803003000.jpg,day,sun,FALSE,FALSE,FALSE,NA,FALSE,FALSE,2017-08-03T00:30:00Z
20170803125000.jpg,day,sun,FALSE,FALSE,FALSE,NA,FALSE,FALSE,2017-08-03T12:50:00Z
20170803132000.jpg,day,sun,FALSE,FALSE,FALSE,NA,FALSE,FALSE,2017-08-03T13:20:00Z
20170803172000.jpg,day,sun,FALSE,FALSE,FALSE,NA,FALSE,FALSE,2017-08-03T17:20:00Z
20170803213500.jpg,day,sun,FALSE,FALSE,FALSE,NA,FALSE,FALSE,2017-08-03T21:35:00Z
20170804004000.jpg,day,sun,FALSE,FALSE,FALSE,NA,FALSE,FALSE,2017-08-04T00:40:00Z
20170804022500.jpg,day,sun,FALSE,FALSE,FALSE,NA,FALSE,FALSE,2017-08-04T02:25:00Z
20170804085500.jpg,night,NA,NA,NA,NA,NA,NA,NA,2017-08-04T08:55:00Z
20170804190000.jpg,day,sun,FALSE,TRUE,FALSE,NA,TRUE,TRUE,2017-08-04T19:00:00Z
20170804210500.jpg,day,sun,FALSE,FALSE,FALSE,NA,FALSE,FALSE,2017-08-04T21:05:00Z
20170805014500.jpg,day,sun,FALSE,FALSE,FALSE,NA,FALSE,FALSE,2017-08-05T01:45:00Z
20170805020500.jpg,day,sun,FALSE,FALSE,FALSE,NA,FALSE,FALSE,2017-08-05T02:05:00Z
20170805042500.jpg,night,NA,NA,NA,NA,NA,NA,NA,2017-08-05T04:25:00Z
20170805045000.jpg,night,NA,NA,NA,NA,NA,NA,NA,2017-08-05T04:50:00Z
20170805212000.jpg,day,sun,FALSE,FALSE,FALSE,NA,FALSE,FALSE,2017-08-05T21:20:00Z
20170806041000.jpg,night,NA,NA,NA,NA,NA,NA,NA,2017-08-06T04:10:00Z
20170806041500.jpg,night,NA,NA,NA,NA,NA,NA,NA,2017-08-06T04:15:00Z
20170806055500.jpg,night,NA,NA,NA,NA,NA,NA,NA,2017-08-06T05:55:00Z
20170806092500.jpg,night,NA,NA,NA,NA,NA,NA,NA,2017-08-06T09:25:00Z
20170806191000.jpg,day,cloud,FALSE,FALSE,FALSE,NA,FALSE,FALSE,2017-08-06T19:10:00Z
20170807033500.jpg,night,NA,NA,NA,NA,NA,NA,NA,2017-08-07T03:35:00Z
20170807151500.jpg,day,sun,FALSE,FALSE,FALSE,NA,FALSE,FALSE,2017-08-07T15:15:00Z
20170807155500.jpg,day,sun,FALSE,FALSE,FALSE,NA,FALSE,FALSE,2017-08-07T15:55:00Z
20170807182500.jpg,day,sun,FALSE,FALSE,FALSE,NA,FALSE,FALSE,2017-08-07T18:25:00Z
20170807215500.jpg,day,sun,FALSE,FALSE,FALSE,NA,FALSE,FALSE,2017-08-07T21:55:00Z
20170807220500.jpg,day,sun,FALSE,FALSE,FALSE,NA,FALSE,FALSE,2017-08-07T22:05:00Z
20170808115500.jpg,night,NA,NA,NA,NA,NA,NA,NA,2017-08-08T11:55:00Z
20170808202000.jpg,day,sun,FALSE,FALSE,FALSE,NA,FALSE,FALSE,2017-08-08T20:20:00Z
20170809010500.jpg,day,sun,FALSE,FALSE,FALSE,NA,FALSE,FALSE,2017-08-09T01:05:00Z
20170809065500.jpg,night,NA,NA,NA,NA,NA,NA,NA,2017-08-09T06:55:00Z
20170809092500.jpg,night,NA,NA,NA,NA,NA,NA,NA,2017-08-09T09:25:00Z
20170809113000.jpg,night,NA,NA,NA,NA,NA,NA,NA,2017-08-09T11:30:00Z
20170809204000.jpg,day,sun,FALSE,FALSE,FALSE,NA,FALSE,FALSE,2017-08-09T20:40:00Z
20170810000000.jpg,day,cloud,FALSE,FALSE,FALSE,NA,FALSE,FALSE,2017-08-10T00:00:00Z
20170810014500.jpg,day,sun,FALSE,FALSE,FALSE,NA,FALSE,FALSE,2017-08-10T01:45:00Z
20170810024500.jpg,day,cloud,FALSE,FALSE,FALSE,NA,FALSE,FALSE,2017-08-10T02:45:00Z
20170810085000.jpg,night,NA,NA,NA,NA,NA,NA,NA,2017-08-10T08:50:00Z
20170810152500.jpg,day,sun,FALSE,FALSE,FALSE,NA,FALSE,FALSE,2017-08-10T15:25:00Z
20170810160500.jpg,day,sun,FALSE,FALSE,FALSE,NA,FALSE,FALSE,2017-08-10T16:05:00Z
20170810165000.jpg,day,sun,FALSE,FALSE,FALSE,NA,FALSE,FALSE,2017-08-10T16:50:00Z
20170810234000.jpg,day,sun,FALSE,FALSE,FALSE,NA,FALSE,FALSE,2017-08-10T23:40:00Z
20170811004500.jpg,day,sun,FALSE,FALSE,FALSE,NA,FALSE,FALSE,2017-08-11T00:45:00Z
20170811041000.jpg,night,NA,NA,NA,NA,NA,NA,NA,2017-08-11T04:10:00Z
20170811081000.jpg,night,NA,NA,NA,NA,NA,NA,NA,2017-08-11T08:10:00Z
20170811143000.jpg,day,sun,FALSE,FALSE,FALSE,NA,FALSE,FALSE,2017-08-11T14:30:00Z
20170811172000.jpg,day,sun,FALSE,FALSE,FALSE,NA,FALSE,FALSE,2017-08-11T17:20:00Z
20170811195000.jpg,day,sun,FALSE,FALSE,FALSE,NA,FALSE,FALSE,2017-08-11T19:50:00Z
20170812003000.jpg,day,sun,FALSE,FALSE,FALSE,NA,FALSE,FALSE,2017-08-12T00:30:00Z
20170812020500.jpg,day,sun,FALSE,FALSE,FALSE,NA,FALSE,FALSE,2017-08-12T02:05:00Z
20170812051000.jpg,night,NA,NA,NA,NA,NA,NA,NA,2017-08-12T05:10:00Z
20170812091000.jpg,night,NA,NA,NA,NA,NA,NA,NA,2017-08-12T09:10:00Z
20170812095000.jpg,night,NA,NA,NA,NA,NA,NA,NA,2017-08-12T09:50:00Z
20170813001500.jpg,night,NA,NA,NA,NA,NA,NA,NA,2017-08-13T00:15:00Z
20170813103000.jpg,night,NA,NA,NA,NA,NA,NA,NA,2017-08-13T10:30:00Z
20170813115500.jpg,night,NA,NA,NA,NA,NA,NA,NA,2017-08-13T11:55:00Z
20170814044000.jpg,night,NA,NA,NA,NA,NA,NA,NA,2017-08-14T04:40:00Z
20170814093000.jpg,night,NA,NA,NA,NA,NA,NA,NA,2017-08-14T09:30:00Z
20170814101500.jpg,night,NA,NA,NA,NA,NA,NA,NA,2017-08-14T10:15:00Z
20170814164500.jpg,day,sun,FALSE,FALSE,FALSE,NA,FALSE,FALSE,2017-08-14T16:45:00Z
20170814232000.jpg,day,cloud,FALSE,FALSE,FALSE,NA,FALSE,FALSE,2017-08-14T23:20:00Z
20170815052500.jpg,night,NA,NA,NA,NA,NA,NA,NA,2017-08-15T05:25:00Z
20170815194000.jpg,day,sun,FALSE,FALSE,FALSE,NA,FALSE,FALSE,2017-08-15T19:40:00Z
20170815231500.jpg,day,sun,FALSE,FALSE,FALSE,NA,FALSE,FALSE,2017-08-15T23:15:00Z
20170816010000.jpg,day,sun,FALSE,FALSE,FALSE,NA,FALSE,FALSE,2017-08-16T01:00:00Z
20170816103000.jpg,night,NA,NA,NA,NA,NA,NA,NA,2017-08-16T10:30:00Z
20170816110000.jpg,night,NA,NA,NA,NA,NA,NA,NA,2017-08-16T11:00:00Z
20170816131000.jpg,day,sun,FALSE,FALSE,FALSE,NA,FALSE,FALSE,2017-08-16T13:10:00Z
20170816150500.jpg,day,cloud,FALSE,FALSE,FALSE,NA,TRUE,FALSE,2017-08-16T15:05:00Z
20170816154800.jpg,day,cloud,FALSE,FALSE,FALSE,NA,FALSE,FALSE,2017-08-16T15:48:00Z
20170816231500.jpg,day,cloud,FALSE,FALSE,FALSE,NA,FALSE,FALSE,2017-08-16T23:15:00Z
20170817000000.jpg,day,cloud,FALSE,FALSE,FALSE,NA,FALSE,FALSE,2017-08-17T00:00:00Z
20170817002500.jpg,day,cloud,FALSE,FALSE,FALSE,NA,FALSE,FALSE,2017-08-17T00:25:00Z
20170817044000.jpg,night,NA,NA,NA,NA,NA,NA,NA,2017-08-17T04:40:00Z
20170817073500.jpg,night,NA,NA,NA,NA,NA,NA,NA,2017-08-17T07:35:00Z
20170817141000.jpg,day,sun,FALSE,FALSE,FALSE,NA,FALSE,FALSE,2017-08-17T14:10:00Z
20170817183500.jpg,day,sun,FALSE,FALSE,FALSE,NA,FALSE,FALSE,2017-08-17T18:35:00Z
20170817211500.jpg,day,sun,FALSE,FALSE,FALSE,NA,FALSE,FALSE,2017-08-17T21:15:00Z
20170818002000.jpg,day,sun,FALSE,FALSE,FALSE,NA,FALSE,FALSE,2017-08-18T00:20:00Z
20170818014000.jpg,day,sun,FALSE,FALSE,FALSE,NA,FALSE,FALSE,2017-08-18T01:40:00Z
20170818133000.jpg,day,sun,FALSE,FALSE,FALSE,NA,FALSE,FALSE,2017-08-18T13:30:00Z
20170818142500.jpg,day,sun,FALSE,FALSE,FALSE,NA,FALSE,FALSE,2017-08-18T14:25:00Z
20170819023000.jpg,day,sun,FALSE,FALSE,FALSE,NA,FALSE,FALSE,2017-08-19T02:30:00Z
20170819074500.jpg,night,NA,NA,NA,NA,NA,NA,NA,2017-08-19T07:45:00Z
20170819235000.jpg,day,sun,FALSE,FALSE,FALSE,NA,FALSE,FALSE,2017-08-19T23:50:00Z
20170819235500.jpg,day,sun,FALSE,FALSE,FALSE,NA,FALSE,FALSE,2017-08-19T23:55:00Z
20170821025000.jpg,day,sun,FALSE,FALSE,FALSE,NA,FALSE,FALSE,2017-08-21T02:50:00Z
20170821054000.jpg,night,NA,NA,NA,NA,NA,NA,NA,2017-08-21T05:40:00Z
20170821084000.jpg,night,NA,NA,NA,NA,NA,NA,NA,2017-08-21T08:40:00Z
20170821161500.jpg,day,sun,FALSE,FALSE,FALSE,NA,FALSE,FALSE,2017-08-21T16:15:00Z
20170821165500.jpg,day,sun,FALSE,FALSE,FALSE,NA,FALSE,FALSE,2017-08-21T16:55:00Z
20170821181500.jpg,day,sun,FALSE,FALSE,FALSE,NA,FALSE,FALSE,2017-08-21T18:15:00Z
20170822090000.jpg,night,NA,NA,NA,NA,NA,NA,NA,2017-08-22T09:00:00Z
20170822105000.jpg,night,NA,NA,NA,NA,NA,NA,NA,2017-08-22T10:50:00Z
20170822142000.jpg,day,cloud,FALSE,FALSE,FALSE,NA,FALSE,FALSE,2017-08-22T14:20:00Z
20170822210500.jpg,day,cloud,FALSE,FALSE,FALSE,NA,FALSE,FALSE,2017-08-22T21:05:00Z
20170823085500.jpg,night,NA,NA,NA,NA,NA,NA,NA,2017-08-23T08:55:00Z
20170823153500.jpg,day,sun,FALSE,FALSE,FALSE,NA,FALSE,FALSE,2017-08-23T15:35:00Z
20170823173500.jpg,day,cloud,FALSE,FALSE,FALSE,NA,FALSE,FALSE,2017-08-23T17:35:00Z
20170823231500.jpg,day,sun,FALSE,FALSE,FALSE,NA,FALSE,FALSE,2017-08-23T23:15:00Z
20170824001500.jpg,day,sun,FALSE,FALSE,FALSE,NA,FALSE,FALSE,2017-08-24T00:15:00Z
20170824003500.jpg,day,sun,FALSE,FALSE,FALSE,NA,FALSE,FALSE,2017-08-24T00:35:00Z
20170824032500.jpg,night,NA,NA,NA,NA,NA,NA,NA,2017-08-24T03:25:00Z
20170824083000.jpg,night,NA,NA,NA,NA,NA,NA,NA,2017-08-24T08:30:00Z
20170824143500.jpg,day,sun,FALSE,FALSE,FALSE,NA,FALSE,FALSE,2017-08-24T14:35:00Z
20170824184500.jpg,day,sun,FALSE,FALSE,FALSE,NA,FALSE,FALSE,2017-08-24T18:45:00Z
20170824201000.jpg,day,sun,FALSE,FALSE,FALSE,NA,FALSE,FALSE,2017-08-24T20:10:00Z
20170825041000.jpg,night,NA,NA,NA,NA,NA,NA,NA,2017-08-25T04:10:00Z
20170825132500.jpg,day,cloud,FALSE,FALSE,FALSE,NA,FALSE,FALSE,2017-08-25T13:25:00Z
20170825135000.jpg,day,cloud,FALSE,FALSE,FALSE,NA,FALSE,FALSE,2017-08-25T13:50:00Z
20170825174000.jpg,day,cloud,FALSE,FALSE,FALSE,NA,FALSE,FALSE,2017-08-25T17:40:00Z
20170825184500.jpg,day,cloud,FALSE,FALSE,FALSE,NA,FALSE,FALSE,2017-08-25T18:45:00Z
20170825221000.jpg,day,sun,FALSE,FALSE,FALSE,NA,FALSE,FALSE,2017-08-25T22:10:00Z
20170826054000.jpg,night,NA,NA,NA,NA,NA,NA,NA,2017-08-26T05:40:00Z
20170826124000.jpg,day,sun,FALSE,FALSE,FALSE,NA,FALSE,FALSE,2017-08-26T12:40:00Z
20170826235000.jpg,day,sun,FALSE,FALSE,FALSE,NA,FALSE,FALSE,2017-08-26T23:50:00Z
20170827012500.jpg,day,sun,FALSE,FALSE,FALSE,NA,FALSE,FALSE,2017-08-27T01:25:00Z
20170827170000.jpg,day,sun,FALSE,FALSE,FALSE,NA,FALSE,FALSE,2017-08-27T17:00:00Z
20170827180000.jpg,day,sun,FALSE,FALSE,FALSE,NA,FALSE,FALSE,2017-08-27T18:00:00Z
20170828034500.jpg,night,NA,NA,NA,NA,NA,NA,NA,2017-08-28T03:45:00Z
20170828050000.jpg,night,NA,NA,NA,NA,NA,NA,NA,2017-08-28T05:00:00Z
20170828062000.jpg,night,NA,NA,NA,NA,NA,NA,NA,2017-08-28T06:20:00Z
20170828064500.jpg,night,NA,NA,NA,NA,NA,NA,NA,2017-08-28T06:45:00Z
20170828235500.jpg,day,cloud,FALSE,FALSE,FALSE,NA,FALSE,FALSE,2017-08-28T23:55:00Z
20170829123500.jpg,day,cloud,FALSE,FALSE,FALSE,NA,FALSE,FALSE,2017-08-29T12:35:00Z
20170829153500.jpg,day,cloud,FALSE,FALSE,FALSE,NA,FALSE,FALSE,2017-08-29T15:35:00Z
20170830145000.jpg,day,cloud,FALSE,FALSE,FALSE,NA,FALSE,FALSE,2017-08-30T14:50:00Z
20170830174500.jpg,day,cloud,FALSE,FALSE,FALSE,NA,FALSE,FALSE,2017-08-30T17:45:00Z
20170830200500.jpg,day,cloud,FALSE,FALSE,FALSE,NA,FALSE,FALSE,2017-08-30T20:05:00Z
20170831051500.jpg,night,NA,NA,NA,NA,NA,NA,NA,2017-08-31T05:15:00Z
20170831112500.jpg,night,NA,NA,NA,NA,NA,NA,NA,2017-08-31T11:25:00Z
20170831195500.jpg,day,sun,FALSE,FALSE,FALSE,NA,FALSE,FALSE,2017-08-31T19:55:00Z
20170901080000.jpg,night,NA,NA,NA,NA,NA,NA,NA,2017-09-01T08:00:00Z
20170901182000.jpg,day,sun,FALSE,FALSE,FALSE,NA,FALSE,FALSE,2017-09-01T18:20:00Z
20170902003500.jpg,day,sun,FALSE,FALSE,FALSE,NA,FALSE,FALSE,2017-09-02T00:35:00Z
20170902081000.jpg,night,NA,NA,NA,NA,NA,NA,NA,2017-09-02T08:10:00Z
20170902142000.jpg,day,sun,FALSE,FALSE,FALSE,NA,FALSE,FALSE,2017-09-02T14:20:00Z
20170902224500.jpg,day,sun,FALSE,FALSE,FALSE,NA,FALSE,FALSE,2017-09-02T22:45:00Z
20170903030000.jpg,night,NA,NA,NA,NA,NA,NA,NA,2017-09-03T03:00:00Z
20170903173500.jpg,day,sun,FALSE,FALSE,FALSE,NA,FALSE,FALSE,2017-09-03T17:35:00Z
20170903192500.jpg,day,sun,FALSE,FALSE,FALSE,NA,FALSE,FALSE,2017-09-03T19:25:00Z
20170904113500.jpg,night,NA,NA,NA,NA,NA,NA,NA,2017-09-04T11:35:00Z
20170905040500.jpg,night,NA,NA,NA,NA,NA,NA,NA,2017-09-05T04:05:00Z
20170905061500.jpg,night,NA,NA,NA,NA,NA,NA,NA,2017-09-05T06:15:00Z
20170905155500.jpg,day,sun,FALSE,FALSE,FALSE,NA,FALSE,FALSE,2017-09-05T15:55:00Z
20170905163500.jpg,day,sun,FALSE,FALSE,FALSE,NA,FALSE,FALSE,2017-09-05T16:35:00Z
20170906101000.jpg,night,NA,NA,NA,NA,NA,NA,NA,2017-09-06T10:10:00Z
20170906173500.jpg,day,sun,TRUE,FALSE,FALSE,NA,FALSE,FALSE,2017-09-06T17:35:00Z
20170906182000.jpg,day,sun,TRUE,FALSE,FALSE,NA,FALSE,FALSE,2017-09-06T18:20:00Z
20170907071500.jpg,night,NA,NA,NA,NA,NA,NA,NA,2017-09-07T07:15:00Z
20170907144000.jpg,day,sun,FALSE,FALSE,FALSE,NA,FALSE,FALSE,2017-09-07T14:40:00Z
20170907230000.jpg,day,sun,FALSE,FALSE,FALSE,NA,FALSE,FALSE,2017-09-07T23:00:00Z
20170908011500.jpg,day,cloud,FALSE,FALSE,FALSE,NA,FALSE,FALSE,2017-09-08T01:15:00Z
20170908144000.jpg,day,sun,FALSE,FALSE,FALSE,NA,FALSE,FALSE,2017-09-08T14:40:00Z
20170909000500.jpg,day,cloud,FALSE,FALSE,FALSE,NA,FALSE,FALSE,2017-09-09T00:05:00Z
20170909041000.jpg,night,NA,NA,NA,NA,NA,NA,NA,2017-09-09T04:10:00Z
20170909142000.jpg,day,sun,FALSE,FALSE,FALSE,NA,FALSE,FALSE,2017-09-09T14:20:00Z
20170909183500.jpg,day,cloud,FALSE,FALSE,FALSE,NA,FALSE,FALSE,2017-09-09T18:35:00Z
20170910043500.jpg,night,NA,NA,NA,NA,NA,NA,NA,2017-09-10T04:35:00Z
20170910054000.jpg,night,NA,NA,NA,NA,NA,NA,NA,2017-09-10T05:40:00Z
20170910094000.jpg,night,NA,NA,NA,NA,NA,NA,NA,2017-09-10T09:40:00Z
20170910111000.jpg,night,NA,NA,NA,NA,NA,NA,NA,2017-09-10T11:10:00Z
20170910113500.jpg,night,NA,NA,NA,NA,NA,NA,NA,2017-09-10T11:35:00Z
20170910205500.jpg,day,sun,FALSE,FALSE,FALSE,NA,FALSE,FALSE,2017-09-10T20:55:00Z
20170910230500.jpg,day,sun,FALSE,FALSE,FALSE,NA,FALSE,FALSE,2017-09-10T23:05:00Z
20170911105000.jpg,night,NA,NA,NA,NA,NA,NA,NA,2017-09-11T10:50:00Z
20170911155500.jpg,day,sun,FALSE,FALSE,FALSE,NA,FALSE,FALSE,2017-09-11T15:55:00Z
20170912092000.jpg,night,NA,NA,NA,NA,NA,NA,NA,2017-09-12T09:20:00Z
20170912093500.jpg,night,NA,NA,NA,NA,NA,NA,NA,2017-09-12T09:35:00Z
20170912134000.jpg,day,sun,FALSE,FALSE,FALSE,NA,FALSE,FALSE,2017-09-12T13:40:00Z
20170912134500.jpg,day,sun,FALSE,FALSE,FALSE,NA,FALSE,FALSE,2017-09-12T13:45:00Z
20170913053000.jpg,night,NA,NA,NA,NA,NA,NA,NA,2017-09-13T05:30:00Z
20170913104500.jpg,night,NA,NA,NA,NA,NA,NA,NA,2017-09-13T10:45:00Z
20170913174500.jpg,day,cloud,FALSE,FALSE,FALSE,NA,FALSE,FALSE,2017-09-13T17:45:00Z
20170914190500.jpg,day,cloud,FALSE,FALSE,FALSE,NA,FALSE,FALSE,2017-09-14T19:05:00Z
20170915035000.jpg,night,NA,NA,NA,NA,NA,NA,NA,2017-09-15T03:50:00Z
20170915035500.jpg,night,NA,NA,NA,NA,NA,NA,NA,2017-09-15T03:55:00Z
20170915042000.jpg,night,NA,NA,NA,NA,NA,NA,NA,2017-09-15T04:20:00Z
20170915052500.jpg,night,NA,NA,NA,NA,NA,NA,NA,2017-09-15T05:25:00Z
20170915062000.jpg,night,NA,NA,NA,NA,NA,NA,NA,2017-09-15T06:20:00Z
20170915100000.jpg,night,NA,NA,NA,NA,NA,NA,NA,2017-09-15T10:00:00Z
20170915235000.jpg,day,cloud,FALSE,FALSE,FALSE,NA,FALSE,FALSE,2017-09-15T23:50:00Z
20170916020500.jpg,day,cloud,FALSE,FALSE,FALSE,NA,FALSE,FALSE,2017-09-16T02:05:00Z
20170916023000.jpg,night,NA,NA,NA,NA,NA,NA,NA,2017-09-16T02:30:00Z
20170916052000.jpg,night,NA,NA,NA,NA,NA,NA,NA,2017-09-16T05:20:00Z
20170916074000.jpg,night,NA,NA,NA,NA,NA,NA,NA,2017-09-16T07:40:00Z
20170916092500.jpg,night,NA,NA,NA,NA,NA,NA,NA,2017-09-16T09:25:00Z
20170916180000.jpg,day,sun,FALSE,FALSE,FALSE,NA,FALSE,FALSE,2017-09-16T18:00:00Z
20170916182000.jpg,day,sun,FALSE,FALSE,FALSE,NA,FALSE,NA,2017-09-16T18:20:00Z
20170916230000.jpg,day,cloud,FALSE,FALSE,FALSE,NA,FALSE,NA,2017-09-16T23:00:00Z
20170917013000.jpg,day,cloud,FALSE,FALSE,FALSE,NA,FALSE,NA,2017-09-17T01:30:00Z
20170917082500.jpg,night,NA,NA,NA,NA,NA,NA,NA,2017-09-17T08:25:00Z
20170917112500.jpg,night,NA,NA,NA,NA,NA,NA,NA,2017-09-17T11:25:00Z
20170918021000.jpg,night,NA,NA,NA,NA,NA,NA,NA,2017-09-18T02:10:00Z
20170918033000.jpg,night,NA,NA,NA,NA,NA,NA,NA,2017-09-18T03:30:00Z
20170918042500.jpg,night,NA,NA,NA,NA,NA,NA,NA,2017-09-18T04:25:00Z
20170918130000.jpg,day,cloud,FALSE,FALSE,FALSE,NA,FALSE,TRUE,2017-09-18T13:00:00Z
20170918151500.jpg,day,sun,FALSE,FALSE,FALSE,NA,FALSE,NA,2017-09-18T15:15:00Z
20170918185500.jpg,day,cloud,FALSE,FALSE,FALSE,NA,FALSE,NA,2017-09-18T18:55:00Z
20170918215000.jpg,day,cloud,FALSE,FALSE,FALSE,NA,FALSE,NA,2017-09-18T21:50:00Z
20170919012000.jpg,day,cloud,FALSE,FALSE,FALSE,NA,FALSE,NA,2017-09-19T01:20:00Z
20170919061000.jpg,night,NA,NA,NA,NA,NA,NA,NA,2017-09-19T06:10:00Z
20170919122500.jpg,night,NA,NA,NA,NA,NA,NA,NA,2017-09-19T12:25:00Z
20170919160500.jpg,day,cloud,FALSE,FALSE,FALSE,NA,FALSE,NA,2017-09-19T16:05:00Z
20170920004500.jpg,day,sun,FALSE,FALSE,FALSE,NA,FALSE,NA,2017-09-20T00:45:00Z
20170920053500.jpg,night,NA,NA,NA,NA,NA,NA,NA,2017-09-20T05:35:00Z
20170920150000.jpg,day,sun,FALSE,FALSE,FALSE,NA,FALSE,NA,2017-09-20T15:00:00Z
20170920221500.jpg,day,sun,FALSE,FALSE,FALSE,NA,FALSE,NA,2017-09-20T22:15:00Z
20170921065500.jpg,night,NA,NA,NA,NA,NA,NA,NA,2017-09-21T06:55:00Z
20170921144500.jpg,day,cloud,FALSE,FALSE,FALSE,NA,FALSE,NA,2017-09-21T14:45:00Z
20170921153500.jpg,day,cloud,FALSE,FALSE,FALSE,NA,FALSE,NA,2017-09-21T15:35:00Z
20170921183500.jpg,day,cloud,FALSE,FALSE,FALSE,NA,FALSE,NA,2017-09-21T18:35:00Z
20170921184500.jpg,day,cloud,FALSE,FALSE,FALSE,NA,FALSE,NA,2017-09-21T18:45:00Z
20170922033000.jpg,night,NA,NA,NA,NA,NA,NA,NA,2017-09-22T03:30:00Z
20170922061500.jpg,night,NA,NA,NA,NA,NA,NA,NA,2017-09-22T06:15:00Z
20170922064000.jpg,night,NA,NA,NA,NA,NA,NA,NA,2017-09-22T06:40:00Z
20170922070500.jpg,night,NA,NA,NA,NA,NA,NA,NA,2017-09-22T07:05:00Z
20170922073000.jpg,night,NA,NA,NA,NA,NA,NA,NA,2017-09-22T07:30:00Z
20170922174500.jpg,day,cloud,FALSE,FALSE,FALSE,NA,FALSE,NA,2017-09-22T17:45:00Z
20170922205000.jpg,day,cloud,FALSE,FALSE,FALSE,NA,FALSE,NA,2017-09-22T20:50:00Z
20170923052000.jpg,night,NA,NA,NA,NA,NA,NA,NA,2017-09-23T05:20:00Z
20170923065000.jpg,night,NA,NA,NA,NA,NA,NA,NA,2017-09-23T06:50:00Z
20170923091500.jpg,night,NA,NA,NA,NA,NA,NA,NA,2017-09-23T09:15:00Z
20170923104500.jpg,night,NA,NA,NA,NA,NA,NA,NA,2017-09-23T10:45:00Z
20170923113500.jpg,night,NA,NA,NA,NA,NA,NA,NA,2017-09-23T11:35:00Z
20170923161000.jpg,day,sun,FALSE,FALSE,FALSE,NA,FALSE,NA,2017-09-23T16:10:00Z
20170923220500.jpg,day,cloud,FALSE,FALSE,FALSE,NA,FALSE,NA,2017-09-23T22:05:00Z
20170923221500.jpg,day,cloud,FALSE,FALSE,FALSE,NA,FALSE,NA,2017-09-23T22:15:00Z
20170924005000.jpg,day,cloud,FALSE,FALSE,FALSE,NA,FALSE,NA,2017-09-24T00:50:00Z
20170924062000.jpg,night,NA,NA,NA,NA,NA,NA,NA,2017-09-24T06:20:00Z
20170924124000.jpg,night,NA,NA,NA,NA,NA,NA,NA,2017-09-24T12:40:00Z
20170924132500.jpg,day,cloud,FALSE,FALSE,FALSE,NA,FALSE,NA,2017-09-24T13:25:00Z
20170924144000.jpg,day,cloud,FALSE,FALSE,FALSE,NA,FALSE,NA,2017-09-24T14:40:00Z
20170925085000.jpg,night,NA,NA,NA,NA,NA,NA,NA,2017-09-25T08:50:00Z
20170925114500.jpg,night,NA,NA,NA,NA,NA,NA,NA,2017-09-25T11:45:00Z
20170925142000.jpg,day,sun,FALSE,FALSE,FALSE,NA,FALSE,NA,2017-09-25T14:20:00Z
20170925144000.jpg,day,sun,FALSE,FALSE,FALSE,NA,FALSE,NA,2017-09-25T14:40:00Z
20170925235500.jpg,day,sun,FALSE,FALSE,FALSE,NA,FALSE,NA,2017-09-25T23:55:00Z
20170926104000.jpg,night,NA,NA,NA,NA,NA,NA,NA,2017-09-26T10:40:00Z
20170926130500.jpg,day,sun,FALSE,FALSE,FALSE,NA,FALSE,NA,2017-09-26T13:05:00Z
20170926142500.jpg,day,sun,FALSE,FALSE,FALSE,NA,FALSE,NA,2017-09-26T14:25:00Z
20170926151000.jpg,day,sun,FALSE,FALSE,FALSE,NA,FALSE,NA,2017-09-26T15:10:00Z
20170926185000.jpg,day,sun,FALSE,FALSE,FALSE,NA,FALSE,NA,2017-09-26T18:50:00Z
20170927034500.jpg,night,NA,NA,NA,NA,NA,NA,NA,2017-09-27T03:45:00Z
20170927092500.jpg,night,NA,NA,NA,NA,NA,NA,NA,2017-09-27T09:25:00Z
20170927171000.jpg,day,sun,FALSE,FALSE,FALSE,NA,FALSE,NA,2017-09-27T17:10:00Z
20170927235000.jpg,day,sun,FALSE,FALSE,FALSE,NA,FALSE,NA,2017-09-27T23:50:00Z
20170928022500.jpg,night,NA,NA,NA,NA,NA,NA,NA,2017-09-28T02:25:00Z
20170928231500.jpg,day,sun,FALSE,FALSE,FALSE,NA,FALSE,NA,2017-09-28T23:15:00Z
20170929135500.jpg,day,sun,FALSE,FALSE,FALSE,NA,FALSE,NA,2017-09-29T13:55:00Z
20170929150000.jpg,day,sun,FALSE,FALSE,FALSE,NA,FALSE,NA,2017-09-29T15:00:00Z
20170930015500.jpg,night,NA,NA,NA,NA,NA,NA,NA,2017-09-30T01:55:00Z
20170930023000.jpg,night,NA,NA,NA,NA,NA,NA,NA,2017-09-30T02:30:00Z
20170930165500.jpg,day,cloud,FALSE,FALSE,FALSE,NA,FALSE,NA,2017-09-30T16:55:00Z
20170930201000.jpg,day,cloud,FALSE,FALSE,FALSE,NA,FALSE,NA,2017-09-30T20:10:00Z
20170930202500.jpg,day,cloud,FALSE,FALSE,FALSE,NA,FALSE,NA,2017-09-30T20:25:00Z
